name,value,date
Adelaide,34737,2003-09-01
Sydney,1378239,2003-09-01
Christmas Island,800,2003-09-01
Perth,212245,2003-09-01
Melbourne,571701,2003-09-01
Gold Coast,31971,2003-09-01
Darwin,13090,2003-09-01
Brisbane,357197,2003-09-01
Norfolk Island,1824,2003-09-01
Cairns,103856,2003-09-01
Sydney,1543723,2003-12-01
Christmas Island,800,2003-12-01
Perth,232643,2003-12-01
Gold Coast,28108,2003-12-01
Norfolk Island,2448,2003-12-01
Cairns,113050,2003-12-01
Melbourne,633374,2003-12-01
Darwin,15277,2003-12-01
Adelaide,36888,2003-12-01
Brisbane,473466,2003-12-01
Adelaide,40168,2004-03-01
Perth,218738,2004-03-01
Darwin,14126,2004-03-01
Gold Coast,31399,2004-03-01
Cairns,113134,2004-03-01
Brisbane,481915,2004-03-01
Sydney,1508950,2004-03-01
Melbourne,642755,2004-03-01
Norfolk Island,2448,2004-03-01
Norfolk Island,2448,2004-06-01
Cairns,110326,2004-06-01
Adelaide,39296,2004-06-01
Perth,215829,2004-06-01
Melbourne,640909,2004-06-01
Darwin,18551,2004-06-01
Brisbane,466655,2004-06-01
Gold Coast,30589,2004-06-01
Sydney,1498358,2004-06-01
Perth,215174,2004-09-01
Melbourne,704697,2004-09-01
Brisbane,497580,2004-09-01
Norfolk Island,3664,2004-09-01
Darwin,19043,2004-09-01
Canberra,880,2004-09-01
Sydney,1519875,2004-09-01
Adelaide,40681,2004-09-01
Cairns,112148,2004-09-01
Gold Coast,29437,2004-09-01
Sydney,1679650,2004-12-01
Gold Coast,32540,2004-12-01
Cairns,115650,2004-12-01
Brisbane,547158,2004-12-01
Perth,258746,2004-12-01
Darwin,22606,2004-12-01
Adelaide,44944,2004-12-01
Melbourne,763967,2004-12-01
Norfolk Island,3664,2004-12-01
Gold Coast,39358,2005-03-01
Darwin,18511,2005-03-01
Brisbane,520080,2005-03-01
Melbourne,730966,2005-03-01
Adelaide,47266,2005-03-01
Cairns,115956,2005-03-01
Sydney,1608793,2005-03-01
Perth,249984,2005-03-01
Norfolk Island,2448,2005-03-01
Norfolk Island,2448,2005-06-01
Melbourne,689501,2005-06-01
Sydney,1579637,2005-06-01
Cairns,112338,2005-06-01
Darwin,25771,2005-06-01
Perth,248547,2005-06-01
Adelaide,45844,2005-06-01
Brisbane,525868,2005-06-01
Gold Coast,40265,2005-06-01
Sydney,1619165,2005-09-01
Adelaide,45179,2005-09-01
Gold Coast,42437,2005-09-01
Melbourne,680673,2005-09-01
Norfolk Island,2176,2005-09-01
Darwin,21033,2005-09-01
Brisbane,518099,2005-09-01
Cairns,117678,2005-09-01
Perth,243683,2005-09-01
Norfolk Island,2176,2005-12-01
Cairns,119550,2005-12-01
Melbourne,705058,2005-12-01
Perth,254579,2005-12-01
Brisbane,519485,2005-12-01
Adelaide,43642,2005-12-01
Gold Coast,41470,2005-12-01
Sydney,1704127,2005-12-01
Darwin,21787,2005-12-01
Darwin,28751,2006-01-01
Gold Coast,42424,2006-01-01
Perth,253941,2006-01-01
Brisbane,523853,2006-01-01
Melbourne,709038,2006-01-01
Adelaide,44173,2006-01-01
Sydney,1717520,2006-01-01
Norfolk Island,2450,2006-01-01
Cairns,124816,2006-01-01
Melbourne,660065,2006-02-01
Perth,223206,2006-02-01
Sydney,1500067,2006-02-01
Cairns,109554,2006-02-01
Darwin,26284,2006-02-01
Norfolk Island,2176,2006-02-01
Brisbane,441266,2006-02-01
Gold Coast,37172,2006-02-01
Adelaide,38904,2006-02-01
Adelaide,45444,2006-03-01
Brisbane,475706,2006-03-01
Darwin,29362,2006-03-01
Norfolk Island,2312,2006-03-01
Sydney,1619774,2006-03-01
Gold Coast,40040,2006-03-01
Perth,247373,2006-03-01
Cairns,121334,2006-03-01
Melbourne,717228,2006-03-01
Cairns,112171,2006-04-01
Darwin,30107,2006-04-01
Adelaide,55685,2006-04-01
Sydney,1547616,2006-04-01
Melbourne,680623,2006-04-01
Gold Coast,32773,2006-04-01
Norfolk Island,2448,2006-04-01
Perth,222306,2006-04-01
Brisbane,478145,2006-04-01
Sydney,1552148,2006-05-01
Melbourne,688452,2006-05-01
Norfolk Island,2448,2006-05-01
Adelaide,54906,2006-05-01
Brisbane,479482,2006-05-01
Perth,228290,2006-05-01
Cairns,112877,2006-05-01
Darwin,29065,2006-05-01
Gold Coast,30044,2006-05-01
Brisbane,487058,2006-06-01
Cairns,105673,2006-06-01
Darwin,28734,2006-06-01
Sydney,1516732,2006-06-01
Gold Coast,28350,2006-06-01
Norfolk Island,2176,2006-06-01
Perth,222377,2006-06-01
Melbourne,676345,2006-06-01
Adelaide,57424,2006-06-01
Melbourne,703976,2006-07-01
Brisbane,536862,2006-07-01
Perth,233058,2006-07-01
Adelaide,59557,2006-07-01
Cairns,103959,2006-07-01
Norfolk Island,2448,2006-07-01
Gold Coast,28055,2006-07-01
Sydney,1601887,2006-07-01
Darwin,33696,2006-07-01
Norfolk Island,2448,2006-08-01
Perth,230700,2006-08-01
Darwin,31950,2006-08-01
Brisbane,522932,2006-08-01
Adelaide,58384,2006-08-01
Melbourne,696522,2006-08-01
Cairns,99999,2006-08-01
Sydney,1559970,2006-08-01
Gold Coast,26823,2006-08-01
Norfolk Island,2176,2006-09-01
Adelaide,52103,2006-09-01
Brisbane,508554,2006-09-01
Melbourne,682056,2006-09-01
Gold Coast,26522,2006-09-01
Cairns,95270,2006-09-01
Sydney,1515226,2006-09-01
Darwin,26983,2006-09-01
Perth,234002,2006-09-01
Gold Coast,21102,2006-10-01
Brisbane,512422,2006-10-01
Perth,239359,2006-10-01
Darwin,28738,2006-10-01
Sydney,1579042,2006-10-01
Norfolk Island,2449,2006-10-01
Melbourne,677479,2006-10-01
Adelaide,53587,2006-10-01
Cairns,95410,2006-10-01
Sydney,1514112,2006-11-01
Perth,243164,2006-11-01
Gold Coast,22212,2006-11-01
Melbourne,687308,2006-11-01
Darwin,27652,2006-11-01
Brisbane,487253,2006-11-01
Cairns,93129,2006-11-01
Norfolk Island,2448,2006-11-01
Adelaide,52376,2006-11-01
Melbourne,726722,2006-12-01
Norfolk Island,2480,2006-12-01
Sydney,1607666,2006-12-01
Cairns,98673,2006-12-01
Adelaide,55281,2006-12-01
Darwin,29801,2006-12-01
Perth,276731,2006-12-01
Gold Coast,23980,2006-12-01
Brisbane,510966,2006-12-01
Gold Coast,23784,2007-01-01
Brisbane,506024,2007-01-01
Perth,270689,2007-01-01
Norfolk Island,2448,2007-01-01
Darwin,29342,2007-01-01
Melbourne,734166,2007-01-01
Sydney,1607925,2007-01-01
Adelaide,54345,2007-01-01
Cairns,106013,2007-01-01
Brisbane,464239,2007-02-01
Norfolk Island,2205,2007-02-01
Cairns,97341,2007-02-01
Sydney,1437104,2007-02-01
Melbourne,638894,2007-02-01
Gold Coast,17393,2007-02-01
Adelaide,49879,2007-02-01
Perth,241268,2007-02-01
Darwin,25439,2007-02-01
Perth,269705,2007-03-01
Brisbane,519109,2007-03-01
Norfolk Island,2206,2007-03-01
Sydney,1547491,2007-03-01
Adelaide,54541,2007-03-01
Darwin,28762,2007-03-01
Cairns,103513,2007-03-01
Melbourne,674934,2007-03-01
Gold Coast,20797,2007-03-01
Sydney,1460328,2007-04-01
Melbourne,636311,2007-04-01
Darwin,28786,2007-04-01
Norfolk Island,2476,2007-04-01
Gold Coast,20340,2007-04-01
Perth,257624,2007-04-01
Brisbane,495683,2007-04-01
Cairns,92300,2007-04-01
Adelaide,52839,2007-04-01
Norfolk Island,2628,2007-05-01
Gold Coast,21118,2007-05-01
Cairns,98253,2007-05-01
Perth,267339,2007-05-01
Brisbane,499339,2007-05-01
Adelaide,53315,2007-05-01
Darwin,29672,2007-05-01
Melbourne,644447,2007-05-01
Sydney,1463069,2007-05-01
Norfolk Island,2066,2007-06-01
Brisbane,490510,2007-06-01
Cairns,96327,2007-06-01
Perth,262578,2007-06-01
Gold Coast,21399,2007-06-01
Darwin,31186,2007-06-01
Adelaide,52180,2007-06-01
Melbourne,637934,2007-06-01
Sydney,1463190,2007-06-01
Cairns,100583,2007-07-01
Adelaide,53852,2007-07-01
Brisbane,512234,2007-07-01
Norfolk Island,2566,2007-07-01
Perth,279788,2007-07-01
Melbourne,663712,2007-07-01
Darwin,33088,2007-07-01
Sydney,1527395,2007-07-01
Gold Coast,22571,2007-07-01
Gold Coast,22478,2007-08-01
Melbourne,655405,2007-08-01
Sydney,1513443,2007-08-01
Norfolk Island,2520,2007-08-01
Perth,268053,2007-08-01
Darwin,33090,2007-08-01
Brisbane,516172,2007-08-01
Cairns,103113,2007-08-01
Adelaide,52395,2007-08-01
Adelaide,51030,2007-09-01
Sydney,1479892,2007-09-01
Cairns,100421,2007-09-01
Gold Coast,22986,2007-09-01
Brisbane,498299,2007-09-01
Melbourne,644473,2007-09-01
Darwin,32739,2007-09-01
Perth,263004,2007-09-01
Norfolk Island,2508,2007-09-01
Cairns,101281,2007-10-01
Gold Coast,20147,2007-10-01
Brisbane,517639,2007-10-01
Darwin,33172,2007-10-01
Norfolk Island,2340,2007-10-01
Perth,277789,2007-10-01
Adelaide,58832,2007-10-01
Sydney,1536650,2007-10-01
Melbourne,674758,2007-10-01
Darwin,30277,2007-11-01
Perth,273203,2007-11-01
Gold Coast,28193,2007-11-01
Sydney,1503881,2007-11-01
Cairns,95395,2007-11-01
Melbourne,658357,2007-11-01
Brisbane,506095,2007-11-01
Norfolk Island,2606,2007-11-01
Adelaide,59725,2007-11-01
Adelaide,67331,2007-12-01
Brisbane,549991,2007-12-01
Christmas Island,1136,2007-12-01
Darwin,32678,2007-12-01
Cairns,95558,2007-12-01
Norfolk Island,2576,2007-12-01
Melbourne,702684,2007-12-01
Perth,291835,2007-12-01
Sydney,1602995,2007-12-01
Gold Coast,34439,2007-12-01
Cairns,98578,2008-01-01
Melbourne,708720,2008-01-01
Perth,292818,2008-01-01
Norfolk Island,2472,2008-01-01
Darwin,33307,2008-01-01
Gold Coast,35011,2008-01-01
Sydney,1634542,2008-01-01
Christmas Island,1420,2008-01-01
Brisbane,551076,2008-01-01
Adelaide,67429,2008-01-01
Gold Coast,29114,2008-02-01
Melbourne,640894,2008-02-01
Brisbane,509971,2008-02-01
Christmas Island,1088,2008-02-01
Cairns,92926,2008-02-01
Perth,270568,2008-02-01
Darwin,24766,2008-02-01
Adelaide,58982,2008-02-01
Norfolk Island,2272,2008-02-01
Sydney,1498947,2008-02-01
Adelaide,62502,2008-03-01
Melbourne,670018,2008-03-01
Sydney,1581426,2008-03-01
Gold Coast,31554,2008-03-01
Brisbane,523381,2008-03-01
Darwin,26475,2008-03-01
Norfolk Island,2564,2008-03-01
Cairns,96986,2008-03-01
Christmas Island,1040,2008-03-01
Perth,286076,2008-03-01
Gold Coast,32640,2008-04-01
Cairns,94360,2008-04-01
Christmas Island,1040,2008-04-01
Brisbane,519222,2008-04-01
Melbourne,675732,2008-04-01
Perth,269025,2008-04-01
Norfolk Island,2440,2008-04-01
Darwin,30804,2008-04-01
Sydney,1504082,2008-04-01
Adelaide,59520,2008-04-01
Christmas Island,1372,2008-05-01
Perth,272978,2008-05-01
Cairns,95260,2008-05-01
Darwin,37192,2008-05-01
Melbourne,689061,2008-05-01
Sydney,1529830,2008-05-01
Brisbane,540199,2008-05-01
Adelaide,60699,2008-05-01
Norfolk Island,2080,2008-05-01
Gold Coast,32651,2008-05-01
Darwin,36817,2008-06-01
Perth,272557,2008-06-01
Adelaide,58858,2008-06-01
Sydney,1475292,2008-06-01
Brisbane,528950,2008-06-01
Cairns,91267,2008-06-01
Melbourne,659870,2008-06-01
Gold Coast,33138,2008-06-01
Norfolk Island,2334,2008-06-01
Melbourne,690006,2008-07-01
Norfolk Island,2340,2008-07-01
Sydney,1599320,2008-07-01
Darwin,38187,2008-07-01
Perth,284041,2008-07-01
Adelaide,60362,2008-07-01
Brisbane,577160,2008-07-01
Gold Coast,40205,2008-07-01
Cairns,99663,2008-07-01
Adelaide,60302,2008-08-01
Norfolk Island,2286,2008-08-01
Sydney,1534945,2008-08-01
Darwin,36360,2008-08-01
Gold Coast,36929,2008-08-01
Melbourne,679804,2008-08-01
Perth,273731,2008-08-01
Cairns,100969,2008-08-01
Brisbane,571162,2008-08-01
Sydney,1454447,2008-09-01
Darwin,40601,2008-09-01
Norfolk Island,2032,2008-09-01
Brisbane,537027,2008-09-01
Gold Coast,37103,2008-09-01
Perth,273268,2008-09-01
Melbourne,677872,2008-09-01
Adelaide,58745,2008-09-01
Cairns,94772,2008-09-01
Perth,284185,2008-10-01
Gold Coast,55099,2008-10-01
Sydney,1528010,2008-10-01
Norfolk Island,2334,2008-10-01
Adelaide,60392,2008-10-01
Brisbane,530952,2008-10-01
Darwin,40341,2008-10-01
Melbourne,702702,2008-10-01
Cairns,103683,2008-10-01
Darwin,34273,2008-11-01
Cairns,96634,2008-11-01
Melbourne,677121,2008-11-01
Perth,296503,2008-11-01
Norfolk Island,2524,2008-11-01
Adelaide,60834,2008-11-01
Sydney,1514531,2008-11-01
Gold Coast,54750,2008-11-01
Brisbane,522846,2008-11-01
Gold Coast,69614,2008-12-01
Perth,336427,2008-12-01
Brisbane,571830,2008-12-01
Melbourne,734661,2008-12-01
Darwin,44644,2008-12-01
Sydney,1583341,2008-12-01
Cairns,81179,2008-12-01
Adelaide,65467,2008-12-01
Norfolk Island,1708,2008-12-01
Sydney,1615998,2009-01-01
Brisbane,576673,2009-01-01
Gold Coast,78357,2009-01-01
Adelaide,66786,2009-01-01
Cairns,63588,2009-01-01
Melbourne,758512,2009-01-01
Perth,343836,2009-01-01
Darwin,44716,2009-01-01
Norfolk Island,1362,2009-01-01
Sydney,1410800,2009-02-01
Darwin,40520,2009-02-01
Norfolk Island,1824,2009-02-01
Perth,279662,2009-02-01
Cairns,55718,2009-02-01
Adelaide,59437,2009-02-01
Brisbane,502461,2009-02-01
Gold Coast,60660,2009-02-01
Melbourne,672785,2009-02-01
Perth,311174,2009-03-01
Brisbane,530488,2009-03-01
Melbourne,741337,2009-03-01
Cairns,64554,2009-03-01
Adelaide,65533,2009-03-01
Darwin,43303,2009-03-01
Norfolk Island,2332,2009-03-01
Sydney,1544518,2009-03-01
Gold Coast,68164,2009-03-01
Cairns,63782,2009-04-01
Brisbane,515700,2009-04-01
Sydney,1508217,2009-04-01
Perth,303312,2009-04-01
Darwin,40026,2009-04-01
Norfolk Island,1604,2009-04-01
Adelaide,64176,2009-04-01
Gold Coast,69907,2009-04-01
Melbourne,725064,2009-04-01
Gold Coast,79425,2009-05-01
Cairns,65265,2009-05-01
Melbourne,717764,2009-05-01
Adelaide,62510,2009-05-01
Norfolk Island,2063,2009-05-01
Sydney,1519395,2009-05-01
Perth,298308,2009-05-01
Brisbane,514492,2009-05-01
Darwin,39802,2009-05-01
Darwin,38520,2009-06-01
Perth,297465,2009-06-01
Gold Coast,59695,2009-06-01
Melbourne,704958,2009-06-01
Adelaide,63286,2009-06-01
Cairns,63920,2009-06-01
Norfolk Island,1156,2009-06-01
Sydney,1457113,2009-06-01
Brisbane,514126,2009-06-01
Sydney,1566946,2009-07-01
Gold Coast,64990,2009-07-01
Perth,328277,2009-07-01
Norfolk Island,1154,2009-07-01
Adelaide,64087,2009-07-01
Brisbane,558131,2009-07-01
Melbourne,742711,2009-07-01
Cairns,67782,2009-07-01
Darwin,40546,2009-07-01
Sydney,1556138,2009-08-01
Norfolk Island,1477,2009-08-01
Brisbane,555453,2009-08-01
Melbourne,729214,2009-08-01
Cairns,68044,2009-08-01
Perth,333384,2009-08-01
Gold Coast,78152,2009-08-01
Darwin,40966,2009-08-01
Adelaide,62291,2009-08-01
Melbourne,706354,2009-09-01
Gold Coast,79037,2009-09-01
Sydney,1507364,2009-09-01
Darwin,40489,2009-09-01
Brisbane,530776,2009-09-01
Norfolk Island,1200,2009-09-01
Cairns,66030,2009-09-01
Adelaide,63824,2009-09-01
Perth,337498,2009-09-01
Brisbane,539592,2009-10-01
Adelaide,66917,2009-10-01
Melbourne,752311,2009-10-01
Norfolk Island,2104,2009-10-01
Gold Coast,84743,2009-10-01
Cairns,67014,2009-10-01
Sydney,1583753,2009-10-01
Perth,353079,2009-10-01
Darwin,41022,2009-10-01
Melbourne,740252,2009-11-01
Gold Coast,82471,2009-11-01
Perth,349597,2009-11-01
Darwin,40667,2009-11-01
Sydney,1502604,2009-11-01
Brisbane,507726,2009-11-01
Adelaide,64878,2009-11-01
Cairns,62229,2009-11-01
Norfolk Island,1016,2009-11-01
Darwin,45244,2009-12-01
Gold Coast,86909,2009-12-01
Perth,372302,2009-12-01
Melbourne,810120,2009-12-01
Brisbane,538711,2009-12-01
Norfolk Island,1154,2009-12-01
Sydney,1675378,2009-12-01
Cairns,65170,2009-12-01
Adelaide,66230,2009-12-01
Darwin,45244,2010-01-01
Cairns,65562,2010-01-01
Melbourne,819432,2010-01-01
Sydney,1712452,2010-01-01
Gold Coast,89075,2010-01-01
Adelaide,67405,2010-01-01
Brisbane,556584,2010-01-01
Perth,377132,2010-01-01
Norfolk Island,1500,2010-01-01
Melbourne,759578,2010-02-01
Perth,323061,2010-02-01
Gold Coast,82282,2010-02-01
Brisbane,492711,2010-02-01
Darwin,38106,2010-02-01
Norfolk Island,1016,2010-02-01
Adelaide,57622,2010-02-01
Sydney,1501079,2010-02-01
Cairns,62039,2010-02-01
Cairns,69068,2010-03-01
Melbourne,812564,2010-03-01
Perth,351619,2010-03-01
Darwin,41280,2010-03-01
Sydney,1591699,2010-03-01
Gold Coast,93487,2010-03-01
Brisbane,541092,2010-03-01
Adelaide,63894,2010-03-01
Norfolk Island,1066,2010-03-01
Adelaide,64460,2010-04-01
Brisbane,538272,2010-04-01
Gold Coast,84987,2010-04-01
Perth,351510,2010-04-01
Melbourne,756220,2010-04-01
Cairns,74982,2010-04-01
Darwin,38411,2010-04-01
Norfolk Island,1154,2010-04-01
Sydney,1506293,2010-04-01
Gold Coast,82877,2010-05-01
Perth,360234,2010-05-01
Adelaide,63558,2010-05-01
Cairns,75318,2010-05-01
Norfolk Island,2100,2010-05-01
Sydney,1520314,2010-05-01
Brisbane,547303,2010-05-01
Darwin,38899,2010-05-01
Melbourne,774985,2010-05-01
Adelaide,60377,2010-06-01
Sydney,1500508,2010-06-01
Norfolk Island,1200,2010-06-01
Cairns,73853,2010-06-01
Darwin,38882,2010-06-01
Gold Coast,79061,2010-06-01
Perth,358716,2010-06-01
Brisbane,536471,2010-06-01
Melbourne,778555,2010-06-01
Gold Coast,93932,2010-07-01
Adelaide,63134,2010-07-01
Perth,389869,2010-07-01
Darwin,42992,2010-07-01
Sydney,1613624,2010-07-01
Brisbane,585012,2010-07-01
Norfolk Island,1500,2010-07-01
Cairns,88495,2010-07-01
Melbourne,846725,2010-07-01
Cairns,86525,2010-08-01
Port Hedland,1404,2010-08-01
Gold Coast,95709,2010-08-01
Melbourne,846378,2010-08-01
Darwin,41885,2010-08-01
Sydney,1582328,2010-08-01
Adelaide,62003,2010-08-01
Perth,364244,2010-08-01
Brisbane,560521,2010-08-01
Norfolk Island,1200,2010-08-01
Brisbane,544593,2010-09-01
Darwin,38866,2010-09-01
Port Hedland,1560,2010-09-01
Adelaide,61228,2010-09-01
Cairns,82035,2010-09-01
Sydney,1526153,2010-09-01
Melbourne,829862,2010-09-01
Gold Coast,89770,2010-09-01
Perth,358115,2010-09-01
Norfolk Island,1200,2010-09-01
Melbourne,854812,2010-10-01
Brisbane,535446,2010-10-01
Norfolk Island,1502,2010-10-01
Port Hedland,1248,2010-10-01
Gold Coast,91176,2010-10-01
Perth,372494,2010-10-01
Sydney,1595231,2010-10-01
Cairns,81759,2010-10-01
Adelaide,64015,2010-10-01
Darwin,40237,2010-10-01
Sydney,1534094,2010-11-01
Port Hedland,1248,2010-11-01
Darwin,41041,2010-11-01
Cairns,80895,2010-11-01
Brisbane,515952,2010-11-01
Adelaide,61501,2010-11-01
Melbourne,823542,2010-11-01
Gold Coast,89716,2010-11-01
Norfolk Island,1270,2010-11-01
Perth,356543,2010-11-01
Norfolk Island,1499,2010-12-01
Sydney,1673785,2010-12-01
Gold Coast,96307,2010-12-01
Adelaide,66117,2010-12-01
Cairns,85953,2010-12-01
Perth,398448,2010-12-01
Darwin,43933,2010-12-01
Townsville,2340,2010-12-01
Brisbane,557074,2010-12-01
Melbourne,910552,2010-12-01
Port Hedland,1404,2010-12-01
Darwin,49550,2011-01-01
Perth,415997,2011-01-01
Adelaide,65189,2011-01-01
Townsville,2584,2011-01-01
Brisbane,585700,2011-01-01
Gold Coast,99033,2011-01-01
Cairns,86770,2011-01-01
Norfolk Island,1575,2011-01-01
Melbourne,948980,2011-01-01
Port Hedland,1216,2011-01-01
Sydney,1725895,2011-01-01
Norfolk Island,1324,2011-02-01
Port Hedland,1216,2011-02-01
Brisbane,510211,2011-02-01
Melbourne,832193,2011-02-01
Sydney,1528044,2011-02-01
Adelaide,57788,2011-02-01
Gold Coast,86672,2011-02-01
Cairns,71215,2011-02-01
Darwin,42149,2011-02-01
Townsville,2432,2011-02-01
Perth,342912,2011-02-01
Townsville,2128,2011-03-01
Darwin,50324,2011-03-01
Perth,376980,2011-03-01
Melbourne,877496,2011-03-01
Norfolk Island,1248,2011-03-01
Port Hedland,1216,2011-03-01
Adelaide,64765,2011-03-01
Cairns,88596,2011-03-01
Brisbane,550104,2011-03-01
Sydney,1667442,2011-03-01
Gold Coast,88578,2011-03-01
Brisbane,548731,2011-04-01
Melbourne,871491,2011-04-01
Cairns,90366,2011-04-01
Darwin,50541,2011-04-01
Gold Coast,74449,2011-04-01
Adelaide,68311,2011-04-01
Townsville,1368,2011-04-01
Perth,383093,2011-04-01
Sydney,1646665,2011-04-01
Norfolk Island,1330,2011-04-01
Townsville,1368,2011-05-01
Brisbane,569706,2011-05-01
Adelaide,70160,2011-05-01
Darwin,50771,2011-05-01
Perth,380227,2011-05-01
Gold Coast,77259,2011-05-01
Sydney,1602462,2011-05-01
Melbourne,869797,2011-05-01
Norfolk Island,1580,2011-05-01
Cairns,86475,2011-05-01
Townsville,1216,2011-06-01
Adelaide,65449,2011-06-01
Brisbane,533853,2011-06-01
Darwin,49336,2011-06-01
Perth,379247,2011-06-01
Norfolk Island,1306,2011-06-01
Sydney,1536982,2011-06-01
Gold Coast,60956,2011-06-01
Cairns,81917,2011-06-01
Melbourne,828369,2011-06-01
Brisbane,599439,2011-07-01
Townsville,1520,2011-07-01
Norfolk Island,1639,2011-07-01
Cairns,91883,2011-07-01
Darwin,52767,2011-07-01
Melbourne,909791,2011-07-01
Adelaide,69523,2011-07-01
Sydney,1692649,2011-07-01
Gold Coast,71455,2011-07-01
Perth,403784,2011-07-01
Townsville,1216,2011-08-01
Gold Coast,83911,2011-08-01
Perth,397269,2011-08-01
Sydney,1654664,2011-08-01
Darwin,50264,2011-08-01
Brisbane,591451,2011-08-01
Adelaide,68336,2011-08-01
Norfolk Island,1313,2011-08-01
Cairns,93041,2011-08-01
Melbourne,890237,2011-08-01
Adelaide,68001,2011-09-01
Melbourne,867720,2011-09-01
Sydney,1610856,2011-09-01
Brisbane,568915,2011-09-01
Darwin,50342,2011-09-01
Gold Coast,72532,2011-09-01
Townsville,1248,2011-09-01
Cairns,87669,2011-09-01
Norfolk Island,1314,2011-09-01
Perth,385758,2011-09-01
Perth,386702,2011-10-01
Townsville,760,2011-10-01
Melbourne,889917,2011-10-01
Sydney,1691850,2011-10-01
Gold Coast,80417,2011-10-01
Darwin,49268,2011-10-01
Adelaide,70783,2011-10-01
Norfolk Island,1642,2011-10-01
Brisbane,587230,2011-10-01
Cairns,85937,2011-10-01
Darwin,44639,2011-11-01
Cairns,76707,2011-11-01
Gold Coast,81982,2011-11-01
Adelaide,69528,2011-11-01
Melbourne,898409,2011-11-01
Norfolk Island,1316,2011-11-01
Perth,376493,2011-11-01
Brisbane,549166,2011-11-01
Sydney,1617206,2011-11-01
Sydney,1732828,2011-12-01
Norfolk Island,1312,2011-12-01
Cairns,80423,2011-12-01
Darwin,49912,2011-12-01
Perth,426010,2011-12-01
Adelaide,81686,2011-12-01
Gold Coast,89075,2011-12-01
Brisbane,589074,2011-12-01
Melbourne,992555,2011-12-01
Perth,440177,2012-01-01
Cairns,80177,2012-01-01
Sydney,1777761,2012-01-01
Norfolk Island,1562,2012-01-01
Gold Coast,90011,2012-01-01
Melbourne,1008390,2012-01-01
Darwin,49376,2012-01-01
Adelaide,82412,2012-01-01
Brisbane,594825,2012-01-01
Sydney,1589443,2012-02-01
Perth,378394,2012-02-01
Cairns,76167,2012-02-01
Melbourne,879386,2012-02-01
Darwin,38729,2012-02-01
Gold Coast,78578,2012-02-01
Norfolk Island,1314,2012-02-01
Adelaide,67767,2012-02-01
Brisbane,520120,2012-02-01
Gold Coast,82270,2012-03-01
Darwin,41276,2012-03-01
Norfolk Island,1312,2012-03-01
Cairns,78699,2012-03-01
Adelaide,72700,2012-03-01
Sydney,1620564,2012-03-01
Brisbane,545161,2012-03-01
Perth,389971,2012-03-01
Melbourne,919803,2012-03-01
Gold Coast,75321,2012-04-01
Cairns,74373,2012-04-01
Sydney,1582388,2012-04-01
Perth,398132,2012-04-01
Darwin,54736,2012-04-01
Melbourne,877196,2012-04-01
Norfolk Island,1475,2012-04-01
Brisbane,556295,2012-04-01
Adelaide,70621,2012-04-01
Cairns,73172,2012-05-01
Melbourne,859706,2012-05-01
Perth,388549,2012-05-01
Gold Coast,64990,2012-05-01
Norfolk Island,1317,2012-05-01
Brisbane,530421,2012-05-01
Darwin,43481,2012-05-01
Sydney,1574425,2012-05-01
Adelaide,69371,2012-05-01
Melbourne,857185,2012-06-01
Sydney,1592525,2012-06-01
Darwin,46339,2012-06-01
Perth,387530,2012-06-01
Brisbane,547262,2012-06-01
Cairns,69547,2012-06-01
Gold Coast,80635,2012-06-01
Adelaide,67805,2012-06-01
Norfolk Island,1302,2012-06-01
Norfolk Island,1620,2012-07-01
Cairns,78514,2012-07-01
Sydney,1705231,2012-07-01
Perth,430399,2012-07-01
Brisbane,595690,2012-07-01
Darwin,52332,2012-07-01
Gold Coast,98322,2012-07-01
Adelaide,78641,2012-07-01
Melbourne,910197,2012-07-01
Sunshine Coast,3269,2012-07-01
Melbourne,901177,2012-08-01
Cairns,86019,2012-08-01
Norfolk Island,1300,2012-08-01
Sunshine Coast,2662,2012-08-01
Gold Coast,98537,2012-08-01
Darwin,47208,2012-08-01
Sydney,1659820,2012-08-01
Adelaide,74767,2012-08-01
Brisbane,577789,2012-08-01
Perth,422461,2012-08-01
Sunshine Coast,1988,2012-09-01
Adelaide,76501,2012-09-01
Melbourne,878884,2012-09-01
Gold Coast,94457,2012-09-01
Norfolk Island,1641,2012-09-01
Cairns,79329,2012-09-01
Darwin,42862,2012-09-01
Sydney,1606803,2012-09-01
Brisbane,558868,2012-09-01
Perth,419819,2012-09-01
Cairns,78477,2012-10-01
Gold Coast,97505,2012-10-01
Melbourne,930760,2012-10-01
Sydney,1650675,2012-10-01
Brisbane,562786,2012-10-01
Norfolk Island,1233,2012-10-01
Darwin,46019,2012-10-01
Perth,432794,2012-10-01
Adelaide,78288,2012-10-01
Melbourne,900180,2012-11-01
Norfolk Island,1301,2012-11-01
Brisbane,532309,2012-11-01
Perth,415858,2012-11-01
Darwin,47270,2012-11-01
Cairns,72901,2012-11-01
Sydney,1596541,2012-11-01
Adelaide,91550,2012-11-01
Gold Coast,94368,2012-11-01
Sydney,1721351,2012-12-01
Melbourne,960244,2012-12-01
Brisbane,580592,2012-12-01
Darwin,49848,2012-12-01
Adelaide,97117,2012-12-01
Norfolk Island,2000,2012-12-01
Perth,480545,2012-12-01
Gold Coast,109556,2012-12-01
Cairns,75736,2012-12-01
Gold Coast,105870,2013-01-01
Sydney,1741185,2013-01-01
Melbourne,967694,2013-01-01
Brisbane,584132,2013-01-01
Darwin,47214,2013-01-01
Perth,482834,2013-01-01
Norfolk Island,1600,2013-01-01
Cairns,73241,2013-01-01
Adelaide,98021,2013-01-01
Darwin,41288,2013-02-01
Cairns,72444,2013-02-01
Perth,412738,2013-02-01
Brisbane,531558,2013-02-01
Adelaide,93410,2013-02-01
Melbourne,829884,2013-02-01
Norfolk Island,1301,2013-02-01
Gold Coast,91575,2013-02-01
Sydney,1513166,2013-02-01
Melbourne,923981,2013-03-01
Adelaide,103430,2013-03-01
Gold Coast,101591,2013-03-01
Norfolk Island,1630,2013-03-01
Perth,452876,2013-03-01
Sydney,1653432,2013-03-01
Cairns,72985,2013-03-01
Brisbane,584096,2013-03-01
Darwin,47016,2013-03-01
Adelaide,97224,2013-04-01
Gold Coast,87649,2013-04-01
Perth,423592,2013-04-01
Melbourne,901468,2013-04-01
Cairns,70544,2013-04-01
Norfolk Island,1315,2013-04-01
Sydney,1611738,2013-04-01
Darwin,46888,2013-04-01
Brisbane,563479,2013-04-01
Darwin,45040,2013-05-01
Adelaide,92739,2013-05-01
Cairns,71020,2013-05-01
Sydney,1567553,2013-05-01
Gold Coast,81888,2013-05-01
Norfolk Island,1962,2013-05-01
Melbourne,909131,2013-05-01
Brisbane,561143,2013-05-01
Perth,416624,2013-05-01
Norfolk Island,1635,2013-06-01
Adelaide,90263,2013-06-01
Brisbane,571720,2013-06-01
Perth,435368,2013-06-01
Melbourne,897367,2013-06-01
Sunshine Coast,1344,2013-06-01
Sydney,1561431,2013-06-01
Darwin,54006,2013-06-01
Gold Coast,80794,2013-06-01
Cairns,70131,2013-06-01
Sydney,1687890,2013-07-01
Gold Coast,92300,2013-07-01
Cairns,83119,2013-07-01
Darwin,63808,2013-07-01
Adelaide,99599,2013-07-01
Sunshine Coast,3024,2013-07-01
Brisbane,614934,2013-07-01
Perth,496724,2013-07-01
Norfolk Island,1305,2013-07-01
Melbourne,956863,2013-07-01
Perth,487360,2013-08-01
Brisbane,608939,2013-08-01
Darwin,62204,2013-08-01
Norfolk Island,1321,2013-08-01
Cairns,84139,2013-08-01
Sydney,1634061,2013-08-01
Adelaide,93316,2013-08-01
Gold Coast,92780,2013-08-01
Sunshine Coast,2688,2013-08-01
Melbourne,950200,2013-08-01
Adelaide,97418,2013-09-01
Sunshine Coast,3024,2013-09-01
Norfolk Island,1642,2013-09-01
Darwin,55670,2013-09-01
Brisbane,592817,2013-09-01
Gold Coast,95886,2013-09-01
Cairns,72160,2013-09-01
Melbourne,934979,2013-09-01
Sydney,1633072,2013-09-01
Perth,467563,2013-09-01
Sunshine Coast,1344,2013-10-01
Brisbane,612838,2013-10-01
Darwin,57544,2013-10-01
Norfolk Island,1307,2013-10-01
Melbourne,980072,2013-10-01
Cairns,74285,2013-10-01
Gold Coast,97581,2013-10-01
Sydney,1701872,2013-10-01
Perth,495357,2013-10-01
Adelaide,98012,2013-10-01
Perth,467917,2013-11-01
Brisbane,582337,2013-11-01
Melbourne,956994,2013-11-01
Sydney,1653157,2013-11-01
Adelaide,107542,2013-11-01
Norfolk Island,1308,2013-11-01
Gold Coast,93454,2013-11-01
Cairns,64328,2013-11-01
Darwin,54134,2013-11-01
Melbourne,1039104,2013-12-01
Adelaide,125948,2013-12-01
Cairns,65929,2013-12-01
Gold Coast,113084,2013-12-01
Norfolk Island,1635,2013-12-01
Sydney,1793799,2013-12-01
Brisbane,639078,2013-12-01
Perth,555049,2013-12-01
Darwin,61197,2013-12-01
Perth,580310,2014-01-01
Norfolk Island,1305,2014-01-01
Cairns,71428,2014-01-01
Darwin,60726,2014-01-01
Gold Coast,114152,2014-01-01
Melbourne,1054989,2014-01-01
Brisbane,642629,2014-01-01
Adelaide,129758,2014-01-01
Sydney,1826344,2014-01-01
Sydney,1563974,2014-02-01
Norfolk Island,1305,2014-02-01
Adelaide,112404,2014-02-01
Melbourne,901605,2014-02-01
Gold Coast,94177,2014-02-01
Cairns,64725,2014-02-01
Perth,468845,2014-02-01
Darwin,48370,2014-02-01
Brisbane,556517,2014-02-01
Adelaide,120859,2014-03-01
Cairns,66041,2014-03-01
Sydney,1681675,2014-03-01
Melbourne,986709,2014-03-01
Norfolk Island,1643,2014-03-01
Gold Coast,101136,2014-03-01
Darwin,53093,2014-03-01
Brisbane,605599,2014-03-01
Perth,507198,2014-03-01
Brisbane,607629,2014-04-01
Adelaide,120160,2014-04-01
Darwin,41201,2014-04-01
Norfolk Island,1305,2014-04-01
Sydney,1612585,2014-04-01
Gold Coast,93604,2014-04-01
Perth,515568,2014-04-01
Cairns,54699,2014-04-01
Melbourne,964725,2014-04-01
Perth,454922,2014-05-01
Norfolk Island,1806,2014-05-01
Adelaide,119286,2014-05-01
Brisbane,595977,2014-05-01
Darwin,41223,2014-05-01
Gold Coast,86426,2014-05-01
Sydney,1551693,2014-05-01
Melbourne,969732,2014-05-01
Cairns,59736,2014-05-01
Melbourne,965214,2014-06-01
Sunshine Coast,657,2014-06-01
Brisbane,599397,2014-06-01
Norfolk Island,1648,2014-06-01
Perth,441741,2014-06-01
Adelaide,119130,2014-06-01
Sydney,1545866,2014-06-01
Darwin,41629,2014-06-01
Cairns,56701,2014-06-01
Gold Coast,87900,2014-06-01
Gold Coast,97570,2014-07-01
Adelaide,123129,2014-07-01
Sunshine Coast,3620,2014-07-01
Darwin,44815,2014-07-01
Sydney,1626323,2014-07-01
Melbourne,1031082,2014-07-01
Perth,512278,2014-07-01
Cairns,65350,2014-07-01
Norfolk Island,1317,2014-07-01
Brisbane,651017,2014-07-01
Melbourne,1001906,2014-08-01
Cairns,72466,2014-08-01
Darwin,45149,2014-08-01
Sydney,1580970,2014-08-01
Norfolk Island,1641,2014-08-01
Sunshine Coast,3266,2014-08-01
Perth,483472,2014-08-01
Adelaide,114945,2014-08-01
Gold Coast,96253,2014-08-01
Brisbane,639699,2014-08-01
Darwin,42899,2014-09-01
Sydney,1544384,2014-09-01
Adelaide,99682,2014-09-01
Sunshine Coast,3281,2014-09-01
Perth,484871,2014-09-01
Brisbane,618828,2014-09-01
Melbourne,980644,2014-09-01
Norfolk Island,1319,2014-09-01
Cairns,63751,2014-09-01
Gold Coast,93022,2014-09-01
Norfolk Island,1305,2014-10-01
Perth,498473,2014-10-01
Brisbane,610642,2014-10-01
Cairns,65129,2014-10-01
Sunshine Coast,2945,2014-10-01
Sydney,1611987,2014-10-01
Gold Coast,96293,2014-10-01
Melbourne,999194,2014-10-01
Adelaide,104793,2014-10-01
Darwin,41855,2014-10-01
Melbourne,940882,2014-11-01
Gold Coast,93164,2014-11-01
Perth,458259,2014-11-01
Adelaide,98105,2014-11-01
Brisbane,589734,2014-11-01
Norfolk Island,1636,2014-11-01
Cairns,57604,2014-11-01
Darwin,32816,2014-11-01
Sydney,1543546,2014-11-01
Perth,520474,2014-12-01
Adelaide,114949,2014-12-01
Sydney,1750329,2014-12-01
Darwin,40050,2014-12-01
Brisbane,660916,2014-12-01
Cairns,64589,2014-12-01
Gold Coast,109809,2014-12-01
Norfolk Island,1317,2014-12-01
Melbourne,1058101,2014-12-01
Cairns,65597,2015-01-01
Brisbane,668615,2015-01-01
Gold Coast,113215,2015-01-01
Darwin,40481,2015-01-01
Melbourne,1077538,2015-01-01
Sydney,1783936,2015-01-01
Perth,539779,2015-01-01
Norfolk Island,1317,2015-01-01
Adelaide,114231,2015-01-01
Adelaide,88079,2015-02-01
Cairns,69842,2015-02-01
Melbourne,928461,2015-02-01
Sydney,1493273,2015-02-01
Darwin,31204,2015-02-01
Perth,440808,2015-02-01
Brisbane,583540,2015-02-01
Gold Coast,87397,2015-02-01
Norfolk Island,1311,2015-02-01
Perth,452333,2015-03-01
Brisbane,622364,2015-03-01
Gold Coast,95282,2015-03-01
Sydney,1598928,2015-03-01
Norfolk Island,1819,2015-03-01
Darwin,33225,2015-03-01
Cairns,63414,2015-03-01
Melbourne,1005688,2015-03-01
Adelaide,89603,2015-03-01
Port Hedland,1384,2015-04-01
Gold Coast,98537,2015-04-01
Cairns,67876,2015-04-01
Brisbane,615185,2015-04-01
Melbourne,996402,2015-04-01
Norfolk Island,1323,2015-04-01
Darwin,31798,2015-04-01
Adelaide,88888,2015-04-01
Sydney,1561640,2015-04-01
Perth,467473,2015-04-01
Darwin,32481,2015-05-01
Sydney,1524981,2015-05-01
Melbourne,976810,2015-05-01
Gold Coast,93491,2015-05-01
Norfolk Island,1973,2015-05-01
Brisbane,606110,2015-05-01
Perth,464403,2015-05-01
Cairns,62347,2015-05-01
Adelaide,90617,2015-05-01
Port Hedland,1760,2015-05-01
Sunshine Coast,659,2015-06-01
Sydney,1527259,2015-06-01
Cairns,64516,2015-06-01
Adelaide,87733,2015-06-01
Gold Coast,92346,2015-06-01
Norfolk Island,1306,2015-06-01
Brisbane,581554,2015-06-01
Port Hedland,1408,2015-06-01
Melbourne,962738,2015-06-01
Perth,469363,2015-06-01
Darwin,36471,2015-06-01
Sydney,1650843,2015-07-01
Sunshine Coast,4254,2015-07-01
Brisbane,625697,2015-07-01
Norfolk Island,1309,2015-07-01
Melbourne,1043284,2015-07-01
Gold Coast,115711,2015-07-01
Cairns,78681,2015-07-01
Perth,484491,2015-07-01
Adelaide,87681,2015-07-01
Port Hedland,704,2015-07-01
Darwin,39417,2015-07-01
Adelaide,81587,2015-08-01
Brisbane,622822,2015-08-01
Perth,452634,2015-08-01
Sydney,1561904,2015-08-01
Sunshine Coast,4268,2015-08-01
Gold Coast,98539,2015-08-01
Port Hedland,1408,2015-08-01
Darwin,35261,2015-08-01
Norfolk Island,1652,2015-08-01
Melbourne,1016265,2015-08-01
Cairns,89474,2015-08-01
Adelaide,81395,2015-09-01
Norfolk Island,1323,2015-09-01
Port Hedland,1408,2015-09-01
Perth,448762,2015-09-01
Cairns,74456,2015-09-01
Melbourne,1002981,2015-09-01
Townsville,4500,2015-09-01
Darwin,33375,2015-09-01
Sydney,1547989,2015-09-01
Sunshine Coast,4269,2015-09-01
Brisbane,603302,2015-09-01
Gold Coast,101627,2015-09-01
Melbourne,1055805,2015-10-01
Norfolk Island,1313,2015-10-01
Gold Coast,106569,2015-10-01
Port Hedland,1760,2015-10-01
Townsville,4680,2015-10-01
Perth,468525,2015-10-01
Cairns,72105,2015-10-01
Sydney,1642554,2015-10-01
Adelaide,85946,2015-10-01
Darwin,32793,2015-10-01
Brisbane,613005,2015-10-01
Sunshine Coast,2972,2015-10-01
Norfolk Island,1648,2015-11-01
Adelaide,75785,2015-11-01
Gold Coast,97247,2015-11-01
Brisbane,568979,2015-11-01
Sydney,1607137,2015-11-01
Townsville,1980,2015-11-01
Darwin,31518,2015-11-01
Melbourne,1006983,2015-11-01
Cairns,65243,2015-11-01
Perth,429310,2015-11-01
Port Hedland,704,2015-11-01
Perth,516300,2015-12-01
Adelaide,95404,2015-12-01
Darwin,39123,2015-12-01
Sydney,1868701,2015-12-01
Brisbane,665116,2015-12-01
Gold Coast,119066,2015-12-01
Townsville,4860,2015-12-01
Port Hedland,1408,2015-12-01
Melbourne,1146025,2015-12-01
Cairns,78908,2015-12-01
Sunshine Coast,2308,2015-12-01
Norfolk Island,1316,2015-12-01
Cairns,94533,2016-01-01
Adelaide,97611,2016-01-01
Melbourne,1172136,2016-01-01
Sunshine Coast,3452,2016-01-01
Norfolk Island,1639,2016-01-01
Darwin,40991,2016-01-01
Brisbane,681365,2016-01-01
Port Hedland,1760,2016-01-01
Gold Coast,125396,2016-01-01
Sydney,1922240,2016-01-01
Townsville,4680,2016-01-01
Perth,535532,2016-01-01
Brisbane,588523,2016-02-01
Sunshine Coast,2632,2016-02-01
Cairns,95284,2016-02-01
Perth,460409,2016-02-01
Darwin,31859,2016-02-01
Gold Coast,106355,2016-02-01
Sydney,1681383,2016-02-01
Norfolk Island,1311,2016-02-01
Adelaide,79767,2016-02-01
Townsville,4500,2016-02-01
Port Hedland,1408,2016-02-01
Melbourne,1031901,2016-02-01
Norfolk Island,1312,2016-03-01
Brisbane,608375,2016-03-01
Darwin,34182,2016-03-01
Gold Coast,119474,2016-03-01
Sydney,1779477,2016-03-01
Perth,483292,2016-03-01
Port Hedland,1408,2016-03-01
Cairns,91954,2016-03-01
Adelaide,83911,2016-03-01
Townsville,4500,2016-03-01
Melbourne,1097981,2016-03-01
Townsville,4500,2016-04-01
Perth,488044,2016-04-01
Port Hedland,1760,2016-04-01
Darwin,36402,2016-04-01
Melbourne,1066860,2016-04-01
Cairns,88415,2016-04-01
Brisbane,594205,2016-04-01
Gold Coast,133943,2016-04-01
Norfolk Island,1314,2016-04-01
Adelaide,83587,2016-04-01
Sydney,1724364,2016-04-01
Sydney,1696507,2016-05-01
Gold Coast,132646,2016-05-01
Norfolk Island,1967,2016-05-01
Darwin,36637,2016-05-01
Brisbane,578903,2016-05-01
Adelaide,99741,2016-05-01
Perth,465974,2016-05-01
Melbourne,1064363,2016-05-01
Cairns,78768,2016-05-01
Townsville,4860,2016-05-01
Port Hedland,1408,2016-05-01
Brisbane,584363,2016-06-01
Darwin,36575,2016-06-01
Perth,473821,2016-06-01
Townsville,4680,2016-06-01
Adelaide,96440,2016-06-01
Cairns,75362,2016-06-01
Port Hedland,1408,2016-06-01
Gold Coast,130287,2016-06-01
Melbourne,1065794,2016-06-01
Sydney,1678745,2016-06-01
Norfolk Island,1309,2016-06-01
Darwin,41499,2016-07-01
Townsville,4680,2016-07-01
Adelaide,109281,2016-07-01
Brisbane,639936,2016-07-01
Melbourne,1150087,2016-07-01
Port Hedland,1760,2016-07-01
Cairns,87563,2016-07-01
Sunshine Coast,5583,2016-07-01
Perth,503082,2016-07-01
Sydney,1836405,2016-07-01
Norfolk Island,1630,2016-07-01
Gold Coast,160389,2016-07-01
Sunshine Coast,4260,2016-08-01
Cairns,94385,2016-08-01
Sydney,1764193,2016-08-01
Melbourne,1098750,2016-08-01
Darwin,35862,2016-08-01
Townsville,4500,2016-08-01
Port Hedland,1408,2016-08-01
Norfolk Island,1313,2016-08-01
Brisbane,616714,2016-08-01
Perth,496854,2016-08-01
Gold Coast,156985,2016-08-01
Adelaide,97164,2016-08-01
Sydney,1725879,2016-09-01
Darwin,35286,2016-09-01
Townsville,4500,2016-09-01
Melbourne,1071503,2016-09-01
Cairns,88719,2016-09-01
Gold Coast,149701,2016-09-01
Sunshine Coast,4607,2016-09-01
Adelaide,97625,2016-09-01
Port Hedland,1408,2016-09-01
Canberra,6384,2016-09-01
Norfolk Island,1314,2016-09-01
Perth,495688,2016-09-01
Brisbane,610476,2016-09-01
Brisbane,652306,2016-10-01
Port Hedland,1760,2016-10-01
Townsville,4860,2016-10-01
Adelaide,103955,2016-10-01
Sydney,1801615,2016-10-01
Canberra,19152,2016-10-01
Perth,510288,2016-10-01
Norfolk Island,1646,2016-10-01
Darwin,36129,2016-10-01
Sunshine Coast,4279,2016-10-01
Gold Coast,148180,2016-10-01
Melbourne,1128876,2016-10-01
Cairns,87272,2016-10-01
Sydney,1780213,2016-11-01
Townsville,4320,2016-11-01
Norfolk Island,1318,2016-11-01
Port Hedland,1408,2016-11-01
Perth,477935,2016-11-01
Gold Coast,140255,2016-11-01
Canberra,18088,2016-11-01
Cairns,80053,2016-11-01
Brisbane,614844,2016-11-01
Adelaide,95335,2016-11-01
Darwin,32967,2016-11-01
Melbourne,1077227,2016-11-01
Cairns,94410,2016-12-01
Gold Coast,156784,2016-12-01
Port Hedland,1760,2016-12-01
Canberra,18620,2016-12-01
Melbourne,1235532,2016-12-01
Norfolk Island,1313,2016-12-01
Townsville,4680,2016-12-01
Sydney,2007007,2016-12-01
Brisbane,687314,2016-12-01
Adelaide,113152,2016-12-01
Perth,530903,2016-12-01
Darwin,43605,2016-12-01
Melbourne,1246087,2017-01-01
Gold Coast,160496,2017-01-01
Norfolk Island,1645,2017-01-01
Sydney,2071132,2017-01-01
Brisbane,699825,2017-01-01
Cairns,104028,2017-01-01
Darwin,44604,2017-01-01
Canberra,19152,2017-01-01
Port Hedland,1408,2017-01-01
Townsville,4860,2017-01-01
Adelaide,111498,2017-01-01
Perth,529128,2017-01-01
Port Hedland,1408,2017-02-01
Adelaide,89404,2017-02-01
Canberra,17024,2017-02-01
Townsville,4320,2017-02-01
Perth,447043,2017-02-01
Brisbane,598390,2017-02-01
Gold Coast,136549,2017-02-01
Melbourne,1064840,2017-02-01
Sydney,1752470,2017-02-01
Cairns,84512,2017-02-01
Norfolk Island,1315,2017-02-01
Darwin,35612,2017-02-01
Norfolk Island,1321,2017-03-01
Brisbane,650341,2017-03-01
Melbourne,1124567,2017-03-01
Darwin,37879,2017-03-01
Sydney,1890486,2017-03-01
Townsville,4320,2017-03-01
Port Hedland,1408,2017-03-01
Adelaide,98415,2017-03-01
Canberra,18620,2017-03-01
Gold Coast,150704,2017-03-01
Cairns,91573,2017-03-01
Perth,482629,2017-03-01
Norfolk Island,1643,2017-04-01
Gold Coast,144066,2017-04-01
Melbourne,1117567,2017-04-01
Darwin,36998,2017-04-01
Port Hedland,1760,2017-04-01
Perth,479846,2017-04-01
Townsville,6136,2017-04-01
Canberra,18620,2017-04-01
Brisbane,670198,2017-04-01
Cairns,88834,2017-04-01
Sydney,1856341,2017-04-01
Adelaide,92697,2017-04-01
Sydney,1794526,2017-05-01
Norfolk Island,994,2017-05-01
Perth,455273,2017-05-01
Brisbane,650935,2017-05-01
Gold Coast,135656,2017-05-01
Cairns,78609,2017-05-01
Adelaide,94080,2017-05-01
Port Hedland,1408,2017-05-01
Darwin,34119,2017-05-01
Townsville,6228,2017-05-01
Canberra,18620,2017-05-01
Melbourne,1063040,2017-05-01
Melbourne,1087920,2017-06-01
Darwin,38996,2017-06-01
Port Hedland,1408,2017-06-01
Canberra,18088,2017-06-01
Brisbane,650406,2017-06-01
Perth,456335,2017-06-01
Sydney,1812891,2017-06-01
Gold Coast,133201,2017-06-01
Cairns,78190,2017-06-01
Adelaide,92745,2017-06-01
Townsville,5868,2017-06-01
Canberra,19152,2017-07-01
Gold Coast,153647,2017-07-01
Cairns,98732,2017-07-01
Adelaide,105921,2017-07-01
Brisbane,690523,2017-07-01
Perth,500270,2017-07-01
Townsville,6278,2017-07-01
Melbourne,1211447,2017-07-01
Port Hedland,1760,2017-07-01
Sunshine Coast,4615,2017-07-01
Sydney,1935002,2017-07-01
Darwin,36808,2017-07-01
Townsville,6176,2017-08-01
Adelaide,104293,2017-08-01
Canberra,17556,2017-08-01
Melbourne,1155324,2017-08-01
Cairns,106913,2017-08-01
Gold Coast,150938,2017-08-01
Darwin,32598,2017-08-01
Brisbane,684567,2017-08-01
Sunshine Coast,4262,2017-08-01
Perth,477942,2017-08-01
Sydney,1867281,2017-08-01
Port Hedland,1408,2017-08-01
Gold Coast,141794,2017-09-01
Sunshine Coast,4589,2017-09-01
Canberra,17024,2017-09-01
Port Hedland,1408,2017-09-01
Darwin,29430,2017-09-01
Perth,477122,2017-09-01
Cairns,93971,2017-09-01
Sydney,1834583,2017-09-01
Brisbane,676260,2017-09-01
Townsville,5868,2017-09-01
Adelaide,102667,2017-09-01
Melbourne,1152095,2017-09-01
Brisbane,691900,2017-10-01
Gold Coast,148085,2017-10-01
Perth,498417,2017-10-01
Darwin,29628,2017-10-01
Sunshine Coast,4594,2017-10-01
Adelaide,103709,2017-10-01
Melbourne,1179455,2017-10-01
Sydney,1893231,2017-10-01
Port Hedland,1056,2017-10-01
Cairns,93445,2017-10-01
Canberra,18088,2017-10-01
Townsville,6152,2017-10-01
Port Hedland,1232,2017-11-01
Melbourne,1147656,2017-11-01
Brisbane,655150,2017-11-01
Gold Coast,135581,2017-11-01
Sydney,1858282,2017-11-01
Perth,458517,2017-11-01
Canberra,18088,2017-11-01
Townsville,4816,2017-11-01
Cairns,81503,2017-11-01
Adelaide,98660,2017-11-01
Darwin,29160,2017-11-01
Perth,512900,2017-12-01
Sydney,2095100,2017-12-01
Melbourne,1311734,2017-12-01
Darwin,39102,2017-12-01
Port Hedland,1408,2017-12-01
Brisbane,756279,2017-12-01
Adelaide,120485,2017-12-01
Townsville,5748,2017-12-01
Gold Coast,156082,2017-12-01
Cairns,93744,2017-12-01
Canberra,19152,2017-12-01
Brisbane,767758,2018-01-01
Gold Coast,158997,2018-01-01
Darwin,40292,2018-01-01
Canberra,18620,2018-01-01
Port Hedland,1408,2018-01-01
Adelaide,131459,2018-01-01
Perth,518685,2018-01-01
Melbourne,1324157,2018-01-01
Cairns,101729,2018-01-01
Sydney,2139877,2018-01-01
Townsville,6314,2018-01-01
Adelaide,100223,2018-02-01
Sydney,1847149,2018-02-01
Townsville,5566,2018-02-01
Darwin,25332,2018-02-01
Port Hedland,1408,2018-02-01
Canberra,29196,2018-02-01
Perth,422614,2018-02-01
Gold Coast,124952,2018-02-01
Melbourne,1148238,2018-02-01
Brisbane,667603,2018-02-01
Cairns,90139,2018-02-01
Gold Coast,136321,2018-03-01
Port Hedland,1408,2018-03-01
Sydney,1982192,2018-03-01
Melbourne,1221015,2018-03-01
Townsville,4470,2018-03-01
Cairns,91929,2018-03-01
Perth,461040,2018-03-01
Brisbane,714864,2018-03-01
Canberra,37624,2018-03-01
Adelaide,106058,2018-03-01
Darwin,24576,2018-03-01
Sydney,1945162,2018-04-01
Port Hedland,1408,2018-04-01
Adelaide,103535,2018-04-01
Brisbane,705285,2018-04-01
Canberra,40100,2018-04-01
Gold Coast,140334,2018-04-01
Cairns,80481,2018-04-01
Perth,463094,2018-04-01
Melbourne,1167933,2018-04-01
Townsville,1368,2018-04-01
Darwin,22008,2018-04-01
Cairns,76948,2018-05-01
Melbourne,1147248,2018-05-01
Perth,456767,2018-05-01
Gold Coast,120922,2018-05-01
Townsville,1266,2018-05-01
Brisbane,698825,2018-05-01
Adelaide,100455,2018-05-01
Darwin,18126,2018-05-01
Port Hedland,1408,2018-05-01
Canberra,38564,2018-05-01
Sydney,1918481,2018-05-01
Cairns,71744,2018-06-01
Port Hedland,1760,2018-06-01
Perth,468530,2018-06-01
Melbourne,1187000,2018-06-01
Canberra,37320,2018-06-01
Brisbane,690743,2018-06-01
Gold Coast,124262,2018-06-01
Sydney,1891654,2018-06-01
Townsville,1418,2018-06-01
Adelaide,99540,2018-06-01
Darwin,25632,2018-06-01
Brisbane,746252,2018-07-01
Canberra,38564,2018-07-01
Gold Coast,138496,2018-07-01
Port Hedland,1408,2018-07-01
Melbourne,1280297,2018-07-01
Adelaide,109407,2018-07-01
Darwin,23232,2018-07-01
Sunshine Coast,4918,2018-07-01
Townsville,1464,2018-07-01
Cairns,90715,2018-07-01
Perth,510903,2018-07-01
Sydney,2060116,2018-07-01
Brisbane,735608,2018-08-01
Perth,485280,2018-08-01
Gold Coast,132459,2018-08-01
Townsville,1368,2018-08-01
Cairns,97188,2018-08-01
Sunshine Coast,5897,2018-08-01
Canberra,38564,2018-08-01
Melbourne,1249393,2018-08-01
Port Hedland,1408,2018-08-01
Sydney,1969425,2018-08-01
Adelaide,108528,2018-08-01
Darwin,25146,2018-08-01
Port Hedland,1760,2018-09-01
Sydney,1889094,2018-09-01
Sunshine Coast,5081,2018-09-01
Cairns,83210,2018-09-01
Adelaide,106394,2018-09-01
Perth,476345,2018-09-01
Brisbane,708805,2018-09-01
Townsville,1266,2018-09-01
Gold Coast,123170,2018-09-01
Melbourne,1229582,2018-09-01
Darwin,22236,2018-09-01
Canberra,37320,2018-09-01
Canberra,38564,2018-10-01
Sydney,1991847,2018-10-01
Melbourne,1264551,2018-10-01
Darwin,22026,2018-10-01
Adelaide,111921,2018-10-01
Port Hedland,1408,2018-10-01
Gold Coast,130374,2018-10-01
Brisbane,723423,2018-10-01
Sunshine Coast,4260,2018-10-01
Perth,484260,2018-10-01
Cairns,84521,2018-10-01
Darwin,22923,2018-11-01
Brisbane,685845,2018-11-01
Cairns,64612,2018-11-01
Melbourne,1237965,2018-11-01
Sydney,1923247,2018-11-01
Adelaide,114165,2018-11-01
Port Hedland,1408,2018-11-01
Newcastle,1408,2018-11-01
Gold Coast,112681,2018-11-01
Canberra,37080,2018-11-01
Perth,467820,2018-11-01
Darwin,29052,2018-12-01
Melbourne,1362035,2018-12-01
Newcastle,4400,2018-12-01
Port Hedland,1760,2018-12-01
Brisbane,766834,2018-12-01
Adelaide,126662,2018-12-01
Perth,523840,2018-12-01
Cairns,81505,2018-12-01
Canberra,37320,2018-12-01
Gold Coast,136424,2018-12-01
Sydney,2154240,2018-12-01
Melbourne,1372230,2019-01-01
Brisbane,784595,2019-01-01
Canberra,38316,2019-01-01
Perth,512783,2019-01-01
Port Hedland,1408,2019-01-01
Gold Coast,138082,2019-01-01
Darwin,29880,2019-01-01
Adelaide,131776,2019-01-01
Cairns,85362,2019-01-01
Newcastle,4576,2019-01-01
Sydney,2185637,2019-01-01
Sydney,1838451,2019-02-01
Melbourne,1201560,2019-02-01
Adelaide,107792,2019-02-01
Brisbane,670415,2019-02-01
Gold Coast,98598,2019-02-01
Port Hedland,1408,2019-02-01
Perth,436655,2019-02-01
Newcastle,2112,2019-02-01
Canberra,34832,2019-02-01
Cairns,76235,2019-02-01
Darwin,22644,2019-02-01
Perth,475578,2019-03-01
Gold Coast,99206,2019-03-01
Sydney,1963142,2019-03-01
Melbourne,1260078,2019-03-01
Cairns,75230,2019-03-01
Brisbane,717078,2019-03-01
Adelaide,111582,2019-03-01
Port Hedland,1408,2019-03-01
Canberra,38564,2019-03-01
Darwin,22362,2019-03-01
Sydney,1878598,2019-04-01
Port Hedland,1408,2019-04-01
Adelaide,113193,2019-04-01
Perth,440309,2019-04-01
Cairns,77327,2019-04-01
Canberra,37320,2019-04-01
Darwin,29142,2019-04-01
Melbourne,1237847,2019-04-01
Brisbane,704612,2019-04-01
Gold Coast,100383,2019-04-01
Gold Coast,82859,2019-05-01
Sydney,1843963,2019-05-01
Perth,438130,2019-05-01
Canberra,38564,2019-05-01
Cairns,71505,2019-05-01
Darwin,32168,2019-05-01
Adelaide,111304,2019-05-01
Brisbane,676203,2019-05-01
Melbourne,1185355,2019-05-01
Port Hedland,1408,2019-05-01
Sydney,1809954,2019-06-01
Gold Coast,89845,2019-06-01
Cairns,70185,2019-06-01
Brisbane,690203,2019-06-01
Port Hedland,1760,2019-06-01
Darwin,31696,2019-06-01
Perth,425922,2019-06-01
Canberra,37320,2019-06-01
Melbourne,1217451,2019-06-01
Adelaide,115176,2019-06-01
Darwin,34462,2019-07-01
Brisbane,765516,2019-07-01
Cairns,87983,2019-07-01
Canberra,38564,2019-07-01
Melbourne,1296871,2019-07-01
Port Hedland,1408,2019-07-01
Adelaide,130434,2019-07-01
Gold Coast,110091,2019-07-01
Sydney,1946982,2019-07-01
Perth,471303,2019-07-01
Sunshine Coast,5011,2019-07-01
Sydney,1867184,2019-08-01
Brisbane,763465,2019-08-01
Gold Coast,95516,2019-08-01
Port Hedland,1760,2019-08-01
Darwin,31825,2019-08-01
Canberra,38604,2019-08-01
Sunshine Coast,5508,2019-08-01
Adelaide,124996,2019-08-01
Melbourne,1245402,2019-08-01
Cairns,91523,2019-08-01
Perth,448416,2019-08-01
Canberra,37320,2019-09-01
Cairns,80381,2019-09-01
Darwin,30232,2019-09-01
Adelaide,128548,2019-09-01
Sydney,1823615,2019-09-01
Perth,439137,2019-09-01
Norfolk Island,296,2019-09-01
Brisbane,735614,2019-09-01
Port Hedland,1408,2019-09-01
Gold Coast,90286,2019-09-01
Sunshine Coast,5819,2019-09-01
Melbourne,1203314,2019-09-01
Cairns,79056,2019-10-01
Brisbane,747664,2019-10-01
Gold Coast,95353,2019-10-01
Canberra,38206,2019-10-01
Darwin,29358,2019-10-01
Sydney,1926790,2019-10-01
Sunshine Coast,3880,2019-10-01
Melbourne,1238127,2019-10-01
Perth,458814,2019-10-01
Adelaide,127292,2019-10-01
Norfolk Island,360,2019-10-01
Port Hedland,1408,2019-10-01
Darwin,27318,2019-11-01
Norfolk Island,450,2019-11-01
Gold Coast,87004,2019-11-01
Brisbane,708508,2019-11-01
Cairns,64963,2019-11-01
Port Hedland,1760,2019-11-01
Adelaide,117696,2019-11-01
Perth,457848,2019-11-01
Melbourne,1255012,2019-11-01
Canberra,34152,2019-11-01
Newcastle,1408,2019-11-01
Sydney,1856362,2019-11-01
Melbourne,1375061,2019-12-01
Newcastle,4928,2019-12-01
Gold Coast,121225,2019-12-01
Sydney,2107573,2019-12-01
Brisbane,798420,2019-12-01
Cairns,69673,2019-12-01
Adelaide,140764,2019-12-01
Port Hedland,1408,2019-12-01
Norfolk Island,478,2019-12-01
Canberra,36642,2019-12-01
Perth,535229,2019-12-01
Darwin,31818,2019-12-01
Brisbane,814687,2020-01-01
Gold Coast,121159,2020-01-01
Adelaide,149688,2020-01-01
Norfolk Island,500,2020-01-01
Melbourne,1417802,2020-01-01
Sydney,2153924,2020-01-01
Newcastle,4576,2020-01-01
Perth,541998,2020-01-01
Canberra,36642,2020-01-01
Cairns,77337,2020-01-01
Port Hedland,1408,2020-01-01
Darwin,34872,2020-01-01
Newcastle,1760,2020-02-01
Brisbane,667254,2020-02-01
Sydney,1668387,2020-02-01
Melbourne,1106787,2020-02-01
Cairns,65821,2020-02-01
Canberra,34278,2020-02-01
Norfolk Island,400,2020-02-01
Gold Coast,95234,2020-02-01
Darwin,25662,2020-02-01
Port Hedland,1408,2020-02-01
Adelaide,107884,2020-02-01
Perth,447858,2020-02-01
Gold Coast,65965,2020-03-01
Canberra,25728,2020-03-01
Cairns,44901,2020-03-01
Port Hedland,704,2020-03-01
Darwin,17461,2020-03-01
Adelaide,74731,2020-03-01
Brisbane,475301,2020-03-01
Sydney,1240417,2020-03-01
Norfolk Island,300,2020-03-01
Perth,314589,2020-03-01
Melbourne,823755,2020-03-01
Perth,34977,2020-04-01
Sydney,126196,2020-04-01
Cairns,912,2020-04-01
Melbourne,53190,2020-04-01
Brisbane,37431,2020-04-01
Brisbane,22397,2020-05-01
Perth,26054,2020-05-01
Sydney,97926,2020-05-01
Melbourne,56651,2020-05-01
Cairns,1645,2020-05-01
Adelaide,3795,2020-06-01
Perth,23617,2020-06-01
Melbourne,80112,2020-06-01
Cairns,760,2020-06-01
Sydney,112369,2020-06-01
Brisbane,31554,2020-06-01
Melbourne,48786,2020-07-01
Sydney,149927,2020-07-01
Cairns,608,2020-07-01
Brisbane,39597,2020-07-01
Adelaide,5705,2020-07-01
Perth,24784,2020-07-01
Perth,37646,2020-08-01
Adelaide,8921,2020-08-01
Brisbane,46212,2020-08-01
Cairns,760,2020-08-01
Sydney,160583,2020-08-01
Melbourne,47367,2020-08-01
Brisbane,42547,2020-09-01
Gold Coast,375,2020-09-01
Perth,52332,2020-09-01
Cairns,734,2020-09-01
Sydney,176994,2020-09-01
Adelaide,9653,2020-09-01
Melbourne,49665,2020-09-01
Adelaide,10456,2020-10-01
Melbourne,50388,2020-10-01
Sydney,200270,2020-10-01
Brisbane,56654,2020-10-01
Cairns,810,2020-10-01
Perth,53757,2020-10-01
Melbourne,58257,2020-11-01
Brisbane,50576,2020-11-01
Cairns,2174,2020-11-01
Sydney,236189,2020-11-01
Darwin,300,2020-11-01
Perth,45698,2020-11-01
Adelaide,11763,2020-11-01
Canberra,253,2020-11-01
Adelaide,16668,2020-12-01
Melbourne,121701,2020-12-01
Sydney,264823,2020-12-01
Perth,53574,2020-12-01
Brisbane,59855,2020-12-01
Darwin,337,2020-12-01
Cairns,1336,2020-12-01
Cairns,775,2021-01-01
Sydney,236208,2021-01-01
Brisbane,54718,2021-01-01
Melbourne,127400,2021-01-01
Perth,46559,2021-01-01
Adelaide,17811,2021-01-01
Sydney,208857,2021-02-01
Brisbane,50477,2021-02-01
Cairns,608,2021-02-01
Perth,42981,2021-02-01
Melbourne,89260,2021-02-01
Adelaide,14924,2021-02-01
Cairns,598,2021-03-01
Canberra,253,2021-03-01
Sydney,223635,2021-03-01
Perth,40498,2021-03-01
Melbourne,47558,2021-03-01
Brisbane,50354,2021-03-01
Adelaide,15986,2021-03-01
Perth,55199,2021-04-01
Hobart,1076,2021-04-01
Sydney,281706,2021-04-01
Gold Coast,10223,2021-04-01
Melbourne,136934,2021-04-01
Adelaide,18481,2021-04-01
Brisbane,80403,2021-04-01
Gold Coast,29994,2021-05-01
Perth,87257,2021-05-01
Hobart,3133,2021-05-01
Adelaide,24537,2021-05-01
Sydney,349526,2021-05-01
Brisbane,133453,2021-05-01
Melbourne,193945,2021-05-01
Brisbane,132971,2021-06-01
Hobart,2280,2021-06-01
Adelaide,21627,2021-06-01
Gold Coast,24802,2021-06-01
Sydney,316221,2021-06-01
Norfolk Island,280,2021-06-01
Cairns,1334,2021-06-01
Melbourne,148048,2021-06-01
Perth,88373,2021-06-01
Melbourne,198925,2021-07-01
Perth,106235,2021-07-01
Sydney,269239,2021-07-01
Brisbane,135909,2021-07-01
Sunshine Coast,1624,2021-07-01
Hobart,2668,2021-07-01
Norfolk Island,288,2021-07-01
Cairns,2447,2021-07-01
Adelaide,22047,2021-07-01
Gold Coast,20692,2021-07-01
Brisbane,79348,2021-08-01
Adelaide,17983,2021-08-01
Melbourne,129169,2021-08-01
Perth,82570,2021-08-01
Sydney,251114,2021-08-01
Melbourne,118781,2021-09-01
Sydney,211726,2021-09-01
Brisbane,76342,2021-09-01
Perth,79407,2021-09-01
Adelaide,17680,2021-09-01
Sydney,214037,2021-10-01
Adelaide,19677,2021-10-01
Melbourne,126676,2021-10-01
Cairns,219,2021-10-01
Perth,93365,2021-10-01
Brisbane,79528,2021-10-01
Perth,90380,2021-11-01
Cairns,438,2021-11-01
Darwin,11666,2021-11-01
Melbourne,148575,2021-11-01
Brisbane,82122,2021-11-01
Adelaide,16758,2021-11-01
Sydney,287928,2021-11-01
Darwin,20288,2021-12-01
Perth,91801,2021-12-01
Sydney,467641,2021-12-01
Adelaide,21045,2021-12-01
Cairns,830,2021-12-01
Brisbane,89329,2021-12-01
Melbourne,226633,2021-12-01
Perth,71209,2022-01-01
Sydney,533542,2022-01-01
Adelaide,27623,2022-01-01
Cairns,1268,2022-01-01
Brisbane,90639,2022-01-01
Darwin,26099,2022-01-01
Melbourne,249202,2022-01-01
Cairns,1026,2022-02-01
Brisbane,100656,2022-02-01
Darwin,22055,2022-02-01
Adelaide,26255,2022-02-01
Sydney,458651,2022-02-01
Melbourne,237042,2022-02-01
Gold Coast,4180,2022-02-01
Perth,76140,2022-02-01
Cairns,1478,2022-03-01
Brisbane,146056,2022-03-01
Darwin,26586,2022-03-01
Sydney,594527,2022-03-01
Perth,109174,2022-03-01
Adelaide,29887,2022-03-01
Gold Coast,14175,2022-03-01
Melbourne,308635,2022-03-01
Brisbane,202506,2022-04-01
Melbourne,410731,2022-04-01
Darwin,34428,2022-04-01
Adelaide,38586,2022-04-01
Sydney,764437,2022-04-01
Gold Coast,21932,2022-04-01
Perth,150064,2022-04-01
Cairns,6262,2022-04-01
Perth,176386,2022-05-01
Melbourne,494769,2022-05-01
Brisbane,231501,2022-05-01
Sydney,796526,2022-05-01
Gold Coast,24267,2022-05-01
Darwin,42286,2022-05-01
Cairns,9816,2022-05-01
Adelaide,47077,2022-05-01
Darwin,27960,2022-06-01
Adelaide,53267,2022-06-01
Cairns,13073,2022-06-01
Gold Coast,37575,2022-06-01
Perth,200822,2022-06-01
Sydney,893379,2022-06-01
Brisbane,253495,2022-06-01
Melbourne,577309,2022-06-01
Adelaide,77478,2022-07-01
Melbourne,709416,2022-07-01
Darwin,21686,2022-07-01
Hobart,2298,2022-07-01
Sunshine Coast,1955,2022-07-01
Cairns,24562,2022-07-01
Brisbane,328553,2022-07-01
Perth,251994,2022-07-01
Sydney,1086303,2022-07-01
Gold Coast,56650,2022-07-01
Hobart,2560,2022-08-01
Cairns,33263,2022-08-01
Melbourne,696545,2022-08-01
Perth,242985,2022-08-01
Sunshine Coast,2914,2022-08-01
Darwin,17480,2022-08-01
Sydney,1086453,2022-08-01
Adelaide,72168,2022-08-01
Brisbane,333998,2022-08-01
Gold Coast,61579,2022-08-01
Gold Coast,60086,2022-09-01
Norfolk Island,208,2022-09-01
Sydney,1055589,2022-09-01
Perth,252972,2022-09-01
Adelaide,69459,2022-09-01
Melbourne,684050,2022-09-01
Sunshine Coast,2574,2022-09-01
Cairns,21040,2022-09-01
Hobart,2678,2022-09-01
Brisbane,338890,2022-09-01
Darwin,13918,2022-09-01
Adelaide,66264,2022-10-01
Adelaide,65149,2022-11-01
Adelaide,68605,2022-12-01
Adelaide,68886,2023-01-01
Adelaide,76948,2023-02-01
Adelaide,80517,2023-03-01
Adelaide,70157,2023-04-01
Adelaide,72746,2023-05-01
Adelaide,66139,2023-06-01
Adelaide,74166,2023-07-01
Adelaide,72060,2023-08-01
Adelaide,75379,2023-09-01
Adelaide,72802,2023-10-01
Adelaide,71910,2023-11-01
Adelaide,75270,2023-12-01
Adelaide,74825,2024-01-01
Adelaide,83974,2024-02-01
Adelaide,87536,2024-03-01
Adelaide,74978,2024-04-01
Adelaide,76887,2024-05-01
Adelaide,68804,2024-06-01
Adelaide,74964,2024-07-01
Adelaide,73227,2024-08-01
Adelaide,77241,2024-09-01
Adelaide,74736,2024-10-01
Adelaide,73869,2024-11-01
Adelaide,77219,2024-12-01
Sydney,1098262,2022-10-01
Sydney,1104879,2022-11-01
Sydney,1275727,2022-12-01
Sydney,1318381,2023-01-01
Sydney,1134245,2023-02-01
Sydney,1221102,2023-03-01
Sydney,1187279,2023-04-01
Sydney,1190737,2023-05-01
Sydney,1219041,2023-06-01
Sydney,1347178,2023-07-01
Sydney,1321609,2023-08-01
Sydney,1288352,2023-09-01
Sydney,1339982,2023-10-01
Sydney,1329906,2023-11-01
Sydney,1498529,2023-12-01
Sydney,1535479,2024-01-01
Sydney,1324602,2024-02-01
Sydney,1399460,2024-03-01
Sydney,1315771,2024-04-01
Sydney,1312222,2024-05-01
Sydney,1323747,2024-06-01
Sydney,1436028,2024-07-01
Sydney,1404164,2024-08-01
Sydney,1370321,2024-09-01
Sydney,1424143,2024-10-01
Sydney,1409982,2024-11-01
Sydney,1578059,2024-12-01
Christmas Island,1372,2008-06-01
Christmas Island,1372,2008-07-01
Christmas Island,1372,2008-08-01
Christmas Island,1372,2008-09-01
Christmas Island,1772,2008-10-01
Christmas Island,1772,2008-11-01
Christmas Island,2108,2008-12-01
Christmas Island,2392,2009-01-01
Christmas Island,2060,2009-02-01
Christmas Island,2012,2009-03-01
Christmas Island,2012,2009-04-01
Christmas Island,2344,2009-05-01
Christmas Island,2344,2009-06-01
Christmas Island,2344,2009-07-01
Christmas Island,2344,2009-08-01
Christmas Island,2344,2009-09-01
Christmas Island,2744,2009-10-01
Christmas Island,2744,2009-11-01
Christmas Island,3080,2009-12-01
Christmas Island,3364,2010-01-01
Christmas Island,3032,2010-02-01
Christmas Island,2984,2010-03-01
Christmas Island,2984,2010-04-01
Christmas Island,3316,2010-05-01
Christmas Island,3316,2010-06-01
Christmas Island,3316,2010-07-01
Christmas Island,3316,2010-08-01
Christmas Island,3316,2010-09-01
Christmas Island,3716,2010-10-01
Christmas Island,3716,2010-11-01
Christmas Island,4052,2010-12-01
Christmas Island,4336,2011-01-01
Christmas Island,4004,2011-02-01
Christmas Island,3956,2011-03-01
Christmas Island,3956,2011-04-01
Christmas Island,4288,2011-05-01
Christmas Island,4288,2011-06-01
Christmas Island,4288,2011-07-01
Christmas Island,4288,2011-08-01
Christmas Island,4288,2011-09-01
Christmas Island,4688,2011-10-01
Christmas Island,4688,2011-11-01
Christmas Island,5024,2011-12-01
Christmas Island,5308,2012-01-01
Christmas Island,4976,2012-02-01
Christmas Island,4928,2012-03-01
Christmas Island,4928,2012-04-01
Christmas Island,5260,2012-05-01
Christmas Island,5260,2012-06-01
Christmas Island,5260,2012-07-01
Christmas Island,5260,2012-08-01
Christmas Island,5260,2012-09-01
Christmas Island,5660,2012-10-01
Christmas Island,5660,2012-11-01
Christmas Island,5996,2012-12-01
Christmas Island,6280,2013-01-01
Christmas Island,5948,2013-02-01
Christmas Island,5900,2013-03-01
Christmas Island,5900,2013-04-01
Christmas Island,6232,2013-05-01
Christmas Island,6232,2013-06-01
Christmas Island,6232,2013-07-01
Christmas Island,6232,2013-08-01
Christmas Island,6232,2013-09-01
Christmas Island,6632,2013-10-01
Christmas Island,6632,2013-11-01
Christmas Island,6968,2013-12-01
Christmas Island,7252,2014-01-01
Christmas Island,6920,2014-02-01
Christmas Island,6872,2014-03-01
Christmas Island,6872,2014-04-01
Christmas Island,7204,2014-05-01
Christmas Island,7204,2014-06-01
Christmas Island,7204,2014-07-01
Christmas Island,7204,2014-08-01
Christmas Island,7204,2014-09-01
Christmas Island,7604,2014-10-01
Christmas Island,7604,2014-11-01
Christmas Island,7940,2014-12-01
Christmas Island,8224,2015-01-01
Christmas Island,7892,2015-02-01
Christmas Island,7844,2015-03-01
Christmas Island,7844,2015-04-01
Christmas Island,8176,2015-05-01
Christmas Island,8176,2015-06-01
Christmas Island,8176,2015-07-01
Christmas Island,8176,2015-08-01
Christmas Island,8176,2015-09-01
Christmas Island,8576,2015-10-01
Christmas Island,8576,2015-11-01
Christmas Island,8912,2015-12-01
Christmas Island,9196,2016-01-01
Christmas Island,8864,2016-02-01
Christmas Island,8816,2016-03-01
Christmas Island,8816,2016-04-01
Christmas Island,9148,2016-05-01
Christmas Island,9148,2016-06-01
Christmas Island,9148,2016-07-01
Christmas Island,9148,2016-08-01
Christmas Island,9148,2016-09-01
Christmas Island,9548,2016-10-01
Christmas Island,9548,2016-11-01
Christmas Island,9884,2016-12-01
Christmas Island,10168,2017-01-01
Christmas Island,9836,2017-02-01
Christmas Island,9788,2017-03-01
Christmas Island,9788,2017-04-01
Christmas Island,10120,2017-05-01
Christmas Island,10120,2017-06-01
Christmas Island,10120,2017-07-01
Christmas Island,10120,2017-08-01
Christmas Island,10120,2017-09-01
Christmas Island,10520,2017-10-01
Christmas Island,10520,2017-11-01
Christmas Island,10856,2017-12-01
Christmas Island,11140,2018-01-01
Christmas Island,10808,2018-02-01
Christmas Island,10760,2018-03-01
Christmas Island,10760,2018-04-01
Christmas Island,11092,2018-05-01
Christmas Island,11092,2018-06-01
Christmas Island,11092,2018-07-01
Christmas Island,11092,2018-08-01
Christmas Island,11092,2018-09-01
Christmas Island,11492,2018-10-01
Christmas Island,11492,2018-11-01
Christmas Island,11828,2018-12-01
Christmas Island,12112,2019-01-01
Christmas Island,11780,2019-02-01
Christmas Island,11732,2019-03-01
Christmas Island,11732,2019-04-01
Christmas Island,12064,2019-05-01
Christmas Island,12064,2019-06-01
Christmas Island,12064,2019-07-01
Christmas Island,12064,2019-08-01
Christmas Island,12064,2019-09-01
Christmas Island,12464,2019-10-01
Christmas Island,12464,2019-11-01
Christmas Island,12800,2019-12-01
Christmas Island,13084,2020-01-01
Christmas Island,12752,2020-02-01
Christmas Island,12704,2020-03-01
Christmas Island,12704,2020-04-01
Christmas Island,13036,2020-05-01
Christmas Island,13036,2020-06-01
Christmas Island,13036,2020-07-01
Christmas Island,13036,2020-08-01
Christmas Island,13036,2020-09-01
Christmas Island,13436,2020-10-01
Christmas Island,13436,2020-11-01
Christmas Island,13772,2020-12-01
Christmas Island,14056,2021-01-01
Christmas Island,13724,2021-02-01
Christmas Island,13676,2021-03-01
Christmas Island,13676,2021-04-01
Christmas Island,14008,2021-05-01
Christmas Island,14008,2021-06-01
Christmas Island,14008,2021-07-01
Christmas Island,14008,2021-08-01
Christmas Island,14008,2021-09-01
Christmas Island,14408,2021-10-01
Christmas Island,14408,2021-11-01
Christmas Island,14744,2021-12-01
Christmas Island,15028,2022-01-01
Christmas Island,14696,2022-02-01
Christmas Island,14648,2022-03-01
Christmas Island,14648,2022-04-01
Christmas Island,14980,2022-05-01
Christmas Island,14980,2022-06-01
Christmas Island,14980,2022-07-01
Christmas Island,14980,2022-08-01
Christmas Island,14980,2022-09-01
Christmas Island,15380,2022-10-01
Christmas Island,15380,2022-11-01
Christmas Island,15716,2022-12-01
Christmas Island,16000,2023-01-01
Christmas Island,15668,2023-02-01
Christmas Island,15620,2023-03-01
Christmas Island,15620,2023-04-01
Christmas Island,15952,2023-05-01
Christmas Island,15952,2023-06-01
Christmas Island,15952,2023-07-01
Christmas Island,15952,2023-08-01
Christmas Island,15952,2023-09-01
Christmas Island,16352,2023-10-01
Christmas Island,16352,2023-11-01
Christmas Island,16688,2023-12-01
Christmas Island,16972,2024-01-01
Christmas Island,16640,2024-02-01
Christmas Island,16592,2024-03-01
Christmas Island,16592,2024-04-01
Christmas Island,16924,2024-05-01
Christmas Island,16924,2024-06-01
Christmas Island,16924,2024-07-01
Christmas Island,16924,2024-08-01
Christmas Island,16924,2024-09-01
Christmas Island,17324,2024-10-01
Christmas Island,17324,2024-11-01
Christmas Island,17660,2024-12-01
Perth,268417,2022-10-01
Perth,256427,2022-11-01
Perth,285984,2022-12-01
Perth,280028,2023-01-01
Perth,243272,2023-02-01
Perth,262084,2023-03-01
Perth,258176,2023-04-01
Perth,266505,2023-05-01
Perth,276835,2023-06-01
Perth,315040,2023-07-01
Perth,303548,2023-08-01
Perth,306301,2023-09-01
Perth,320145,2023-10-01
Perth,306279,2023-11-01
Perth,343400,2023-12-01
Perth,341527,2024-01-01
Perth,293279,2024-02-01
Perth,308182,2024-03-01
Perth,291941,2024-04-01
Perth,295318,2024-05-01
Perth,301763,2024-06-01
Perth,336400,2024-07-01
Perth,324224,2024-08-01
Perth,324986,2024-09-01
Perth,338389,2024-10-01
Perth,324006,2024-11-01
Perth,363209,2024-12-01
Melbourne,708802,2022-10-01
Melbourne,702070,2022-11-01
Melbourne,801538,2022-12-01
Melbourne,819908,2023-01-01
Melbourne,702340,2023-02-01
Melbourne,715893,2023-03-01
Melbourne,651316,2023-04-01
Melbourne,670066,2023-05-01
Melbourne,691559,2023-06-01
Melbourne,766463,2023-07-01
Melbourne,736961,2023-08-01
Melbourne,722038,2023-09-01
Melbourne,746518,2023-10-01
Melbourne,737859,2023-11-01
Melbourne,838283,2023-12-01
Melbourne,856373,2024-01-01
Melbourne,733282,2024-02-01
Melbourne,743798,2024-03-01
Melbourne,670521,2024-04-01
Melbourne,685863,2024-05-01
Melbourne,704170,2024-06-01
Melbourne,776090,2024-07-01
Melbourne,745719,2024-08-01
Melbourne,730670,2024-09-01
Melbourne,755136,2024-10-01
Melbourne,746376,2024-11-01
Melbourne,846850,2024-12-01
Gold Coast,62404,2022-10-01
Gold Coast,66383,2022-11-01
Gold Coast,78590,2022-12-01
Gold Coast,71861,2023-01-01
Gold Coast,63608,2023-02-01
Gold Coast,69480,2023-03-01
Gold Coast,66467,2023-04-01
Gold Coast,81601,2023-05-01
Gold Coast,87483,2023-06-01
Gold Coast,76443,2023-07-01
Gold Coast,77595,2023-08-01
Gold Coast,66730,2023-09-01
Gold Coast,63875,2023-10-01
Gold Coast,68954,2023-11-01
Gold Coast,81278,2023-12-01
Gold Coast,75268,2024-01-01
Gold Coast,67245,2024-02-01
Gold Coast,73065,2024-03-01
Gold Coast,68760,2024-04-01
Gold Coast,85303,2024-05-01
Gold Coast,90364,2024-06-01
Gold Coast,76365,2024-07-01
Gold Coast,77111,2024-08-01
Gold Coast,65328,2024-09-01
Gold Coast,61945,2024-10-01
Gold Coast,67141,2024-11-01
Gold Coast,79472,2024-12-01
Darwin,13608,2022-10-01
Darwin,18620,2022-11-01
Darwin,22153,2022-12-01
Darwin,22044,2023-01-01
Darwin,19437,2023-02-01
Darwin,20590,2023-03-01
Darwin,21245,2023-04-01
Darwin,28237,2023-05-01
Darwin,25877,2023-06-01
Darwin,17223,2023-07-01
Darwin,15497,2023-08-01
Darwin,11847,2023-09-01
Darwin,11420,2023-10-01
Darwin,16428,2023-11-01
Darwin,19959,2023-12-01
Darwin,19874,2024-01-01
Darwin,17192,2024-02-01
Darwin,18354,2024-03-01
Darwin,19083,2024-04-01
Darwin,26060,2024-05-01
Darwin,23495,2024-06-01
Darwin,14859,2024-07-01
Darwin,13080,2024-08-01
Darwin,9419,2024-09-01
Darwin,8984,2024-10-01
Darwin,13984,2024-11-01
Darwin,17508,2024-12-01
Brisbane,354363,2022-10-01
Brisbane,335900,2022-11-01
Brisbane,380910,2022-12-01
Brisbane,387689,2023-01-01
Brisbane,332413,2023-02-01
Brisbane,350250,2023-03-01
Brisbane,326079,2023-04-01
Brisbane,334070,2023-05-01
Brisbane,340610,2023-06-01
Brisbane,389024,2023-07-01
Brisbane,380848,2023-08-01
Brisbane,371941,2023-09-01
Brisbane,384451,2023-10-01
Brisbane,362753,2023-11-01
Brisbane,412375,2023-12-01
Brisbane,419822,2024-01-01
Brisbane,356431,2024-02-01
Brisbane,370842,2024-03-01
Brisbane,336653,2024-04-01
Brisbane,342034,2024-05-01
Brisbane,346653,2024-06-01
Brisbane,391756,2024-07-01
Brisbane,381888,2024-08-01
Brisbane,371266,2024-09-01
Brisbane,383408,2024-10-01
Brisbane,361307,2024-11-01
Brisbane,411502,2024-12-01
Norfolk Island,363,2022-10-01
Norfolk Island,398,2022-11-01
Norfolk Island,-59,2022-12-01
Norfolk Island,122,2023-01-01
Norfolk Island,129,2023-02-01
Norfolk Island,8,2023-03-01
Norfolk Island,97,2023-04-01
Norfolk Island,4,2023-05-01
Norfolk Island,-31,2023-06-01
Norfolk Island,-14,2023-07-01
Norfolk Island,-151,2023-08-01
Norfolk Island,-74,2023-09-01
Norfolk Island,-36,2023-10-01
Norfolk Island,136,2023-11-01
Norfolk Island,-271,2023-12-01
Norfolk Island,-63,2024-01-01
Norfolk Island,-74,2024-02-01
Norfolk Island,-230,2024-03-01
Norfolk Island,-125,2024-04-01
Norfolk Island,-216,2024-05-01
Norfolk Island,-238,2024-06-01
Norfolk Island,-212,2024-07-01
Norfolk Island,-383,2024-08-01
Norfolk Island,-270,2024-09-01
Norfolk Island,-259,2024-10-01
Norfolk Island,-54,2024-11-01
Norfolk Island,-451,2024-12-01
Cairns,17324,2022-10-01
Cairns,22573,2022-11-01
Cairns,24679,2022-12-01
Cairns,21309,2023-01-01
Cairns,21152,2023-02-01
Cairns,17730,2023-03-01
Cairns,23225,2023-04-01
Cairns,27005,2023-05-01
Cairns,25520,2023-06-01
Cairns,31952,2023-07-01
Cairns,33136,2023-08-01
Cairns,25571,2023-09-01
Cairns,22626,2023-10-01
Cairns,29795,2023-11-01
Cairns,32560,2023-12-01
Cairns,27725,2024-01-01
Cairns,27600,2024-02-01
Cairns,22689,2024-03-01
Cairns,28456,2024-04-01
Cairns,32324,2024-05-01
Cairns,29015,2024-06-01
Cairns,33501,2024-07-01
Cairns,31793,2024-08-01
Cairns,26019,2024-09-01
Cairns,23372,2024-10-01
Cairns,31278,2024-11-01
Cairns,34298,2024-12-01
Canberra,2154,2021-04-01
Canberra,3927,2021-05-01
Canberra,3907,2021-06-01
Canberra,3268,2021-07-01
Canberra,5073,2021-08-01
Canberra,2847,2021-09-01
Canberra,4128,2021-10-01
Canberra,4434,2021-11-01
Canberra,3679,2021-12-01
Canberra,2899,2022-01-01
Canberra,-7432,2022-02-01
Canberra,-7221,2022-03-01
Canberra,-7112,2022-04-01
Canberra,-5704,2022-05-01
Canberra,-5772,2022-06-01
Canberra,-6542,2022-07-01
Canberra,-4908,2022-08-01
Canberra,-7470,2022-09-01
Canberra,-5967,2022-10-01
Canberra,-5718,2022-11-01
Canberra,-6767,2022-12-01
Canberra,-8971,2023-01-01
Canberra,-22078,2023-02-01
Canberra,-21905,2023-03-01
Canberra,-21468,2023-04-01
Canberra,-19993,2023-05-01
Canberra,-20052,2023-06-01
Canberra,-20798,2023-07-01
Canberra,-19133,2023-08-01
Canberra,-21633,2023-09-01
Canberra,-20171,2023-10-01
Canberra,-19911,2023-11-01
Canberra,-20907,2023-12-01
Canberra,-22850,2024-01-01
Canberra,-35448,2024-02-01
Canberra,-35269,2024-03-01
Canberra,-34891,2024-04-01
Canberra,-33429,2024-05-01
Canberra,-33490,2024-06-01
Canberra,-34240,2024-07-01
Canberra,-32580,2024-08-01
Canberra,-35092,2024-09-01
Canberra,-33622,2024-10-01
Canberra,-33364,2024-11-01
Canberra,-34370,2024-12-01
Port Hedland,1599,2020-04-01
Port Hedland,1471,2020-05-01
Port Hedland,1580,2020-06-01
Port Hedland,1388,2020-07-01
Port Hedland,1526,2020-08-01
Port Hedland,1500,2020-09-01
Port Hedland,1451,2020-10-01
Port Hedland,1381,2020-11-01
Port Hedland,1523,2020-12-01
Port Hedland,1447,2021-01-01
Port Hedland,1397,2021-02-01
Port Hedland,1202,2021-03-01
Port Hedland,1574,2021-04-01
Port Hedland,1502,2021-05-01
Port Hedland,1573,2021-06-01
Port Hedland,1402,2021-07-01
Port Hedland,1513,2021-08-01
Port Hedland,1528,2021-09-01
Port Hedland,1473,2021-10-01
Port Hedland,1351,2021-11-01
Port Hedland,1553,2021-12-01
Port Hedland,1468,2022-01-01
Port Hedland,1411,2022-02-01
Port Hedland,1279,2022-03-01
Port Hedland,1587,2022-04-01
Port Hedland,1522,2022-05-01
Port Hedland,1588,2022-06-01
Port Hedland,1420,2022-07-01
Port Hedland,1528,2022-08-01
Port Hedland,1548,2022-09-01
Port Hedland,1492,2022-10-01
Port Hedland,1364,2022-11-01
Port Hedland,1573,2022-12-01
Port Hedland,1487,2023-01-01
Port Hedland,1430,2023-02-01
Port Hedland,1305,2023-03-01
Port Hedland,1605,2023-04-01
Port Hedland,1541,2023-05-01
Port Hedland,1607,2023-06-01
Port Hedland,1438,2023-07-01
Port Hedland,1546,2023-08-01
Port Hedland,1566,2023-09-01
Port Hedland,1510,2023-10-01
Port Hedland,1381,2023-11-01
Port Hedland,1592,2023-12-01
Port Hedland,1505,2024-01-01
Port Hedland,1448,2024-02-01
Port Hedland,1324,2024-03-01
Port Hedland,1623,2024-04-01
Port Hedland,1559,2024-05-01
Port Hedland,1625,2024-06-01
Port Hedland,1457,2024-07-01
Port Hedland,1565,2024-08-01
Port Hedland,1585,2024-09-01
Port Hedland,1529,2024-10-01
Port Hedland,1400,2024-11-01
Port Hedland,1611,2024-12-01
Townsville,1803,2018-10-01
Townsville,961,2018-11-01
Townsville,1874,2018-12-01
Townsville,1783,2019-01-01
Townsville,1362,2019-02-01
Townsville,1410,2019-03-01
Townsville,2084,2019-04-01
Townsville,2304,2019-05-01
Townsville,2062,2019-06-01
Townsville,2166,2019-07-01
Townsville,1991,2019-08-01
Townsville,2887,2019-09-01
Townsville,3456,2019-10-01
Townsville,2397,2019-11-01
Townsville,3368,2019-12-01
Townsville,3430,2020-01-01
Townsville,2941,2020-02-01
Townsville,2639,2020-03-01
Townsville,2233,2020-04-01
Townsville,2351,2020-05-01
Townsville,2230,2020-06-01
Townsville,2312,2020-07-01
Townsville,2163,2020-08-01
Townsville,2768,2020-09-01
Townsville,3330,2020-10-01
Townsville,2332,2020-11-01
Townsville,3287,2020-12-01
Townsville,3304,2021-01-01
Townsville,2835,2021-02-01
Townsville,2634,2021-03-01
Townsville,2541,2021-04-01
Townsville,2688,2021-05-01
Townsville,2532,2021-06-01
Townsville,2621,2021-07-01
Townsville,2464,2021-08-01
Townsville,3154,2021-09-01
Townsville,3718,2021-10-01
Townsville,2702,2021-11-01
Townsville,3662,2021-12-01
Townsville,3692,2022-01-01
Townsville,3217,2022-02-01
Townsville,2987,2022-03-01
Townsville,2803,2022-04-01
Townsville,2942,2022-05-01
Townsville,2796,2022-06-01
Townsville,2883,2022-07-01
Townsville,2728,2022-08-01
Townsville,3394,2022-09-01
Townsville,3957,2022-10-01
Townsville,2946,2022-11-01
Townsville,3905,2022-12-01
Townsville,3931,2023-01-01
Townsville,3458,2023-02-01
Townsville,3236,2023-03-01
Townsville,3079,2023-04-01
Townsville,3220,2023-05-01
Townsville,3071,2023-06-01
Townsville,3159,2023-07-01
Townsville,3003,2023-08-01
Townsville,3676,2023-09-01
Townsville,4239,2023-10-01
Townsville,3227,2023-11-01
Townsville,4186,2023-12-01
Townsville,4213,2024-01-01
Townsville,3739,2024-02-01
Townsville,3515,2024-03-01
Townsville,3350,2024-04-01
Townsville,3491,2024-05-01
Townsville,3343,2024-06-01
Townsville,3430,2024-07-01
Townsville,3275,2024-08-01
Townsville,3945,2024-09-01
Townsville,4508,2024-10-01
Townsville,3497,2024-11-01
Townsville,4456,2024-12-01
Sunshine Coast,2266,2022-10-01
Sunshine Coast,2266,2022-11-01
Sunshine Coast,2171,2022-12-01
Sunshine Coast,1533,2023-01-01
Sunshine Coast,3884,2023-02-01
Sunshine Coast,3215,2023-03-01
Sunshine Coast,3319,2023-04-01
Sunshine Coast,3342,2023-05-01
Sunshine Coast,2595,2023-06-01
Sunshine Coast,3356,2023-07-01
Sunshine Coast,3388,2023-08-01
Sunshine Coast,3739,2023-09-01
Sunshine Coast,3405,2023-10-01
Sunshine Coast,3648,2023-11-01
Sunshine Coast,3306,2023-12-01
Sunshine Coast,2605,2024-01-01
Sunshine Coast,4449,2024-02-01
Sunshine Coast,4147,2024-03-01
Sunshine Coast,4316,2024-04-01
Sunshine Coast,3720,2024-05-01
Sunshine Coast,2497,2024-06-01
Sunshine Coast,3122,2024-07-01
Sunshine Coast,3446,2024-08-01
Sunshine Coast,3579,2024-09-01
Sunshine Coast,3253,2024-10-01
Sunshine Coast,3420,2024-11-01
Sunshine Coast,3156,2024-12-01
Newcastle,1760,2020-03-01
Newcastle,1760,2020-04-01
Newcastle,1760,2020-05-01
Newcastle,1760,2020-06-01
Newcastle,2464,2020-07-01
Newcastle,5456,2020-08-01
Newcastle,5632,2020-09-01
Newcastle,3168,2020-10-01
Newcastle,2464,2020-11-01
Newcastle,5984,2020-12-01
Newcastle,5632,2021-01-01
Newcastle,2816,2021-02-01
Newcastle,2816,2021-03-01
Newcastle,2816,2021-04-01
Newcastle,2816,2021-05-01
Newcastle,2816,2021-06-01
Newcastle,3520,2021-07-01
Newcastle,6512,2021-08-01
Newcastle,6688,2021-09-01
Newcastle,4224,2021-10-01
Newcastle,3520,2021-11-01
Newcastle,7040,2021-12-01
Newcastle,6688,2022-01-01
Newcastle,3872,2022-02-01
Newcastle,3872,2022-03-01
Newcastle,3872,2022-04-01
Newcastle,3872,2022-05-01
Newcastle,3872,2022-06-01
Newcastle,4576,2022-07-01
Newcastle,7568,2022-08-01
Newcastle,7744,2022-09-01
Newcastle,5280,2022-10-01
Newcastle,4576,2022-11-01
Newcastle,8096,2022-12-01
Newcastle,7744,2023-01-01
Newcastle,4928,2023-02-01
Newcastle,4928,2023-03-01
Newcastle,4928,2023-04-01
Newcastle,4928,2023-05-01
Newcastle,4928,2023-06-01
Newcastle,5632,2023-07-01
Newcastle,8624,2023-08-01
Newcastle,8800,2023-09-01
Newcastle,6336,2023-10-01
Newcastle,5632,2023-11-01
Newcastle,9152,2023-12-01
Newcastle,8800,2024-01-01
Newcastle,5984,2024-02-01
Newcastle,5984,2024-03-01
Newcastle,5984,2024-04-01
Newcastle,5984,2024-05-01
Newcastle,5984,2024-06-01
Newcastle,6688,2024-07-01
Newcastle,9680,2024-08-01
Newcastle,9856,2024-09-01
Newcastle,7392,2024-10-01
Newcastle,6688,2024-11-01
Newcastle,10208,2024-12-01
Hobart,2678,2022-10-01
Hobart,2678,2022-11-01
Hobart,2678,2022-12-01
Hobart,2678,2023-01-01
Hobart,2678,2023-02-01
Hobart,3216,2023-03-01
Hobart,5273,2023-04-01
Hobart,4420,2023-05-01
Hobart,4808,2023-06-01
Hobart,4438,2023-07-01
Hobart,4700,2023-08-01
Hobart,4818,2023-09-01
Hobart,4818,2023-10-01
Hobart,4818,2023-11-01
Hobart,4818,2023-12-01
Hobart,4818,2024-01-01
Hobart,4818,2024-02-01
Hobart,5356,2024-03-01
Hobart,7413,2024-04-01
Hobart,6560,2024-05-01
Hobart,6948,2024-06-01
Hobart,6578,2024-07-01
Hobart,6840,2024-08-01
Hobart,6958,2024-09-01
Hobart,6958,2024-10-01
Hobart,6958,2024-11-01
Hobart,6958,2024-12-01
